fedNum,party,winner,total,majority,majPct,LPC_v25,LPC_p25,LPC_v21,LPC_p21,LPC_chg,LPC_cand,CPC_v25,CPC_p25,CPC_v21,CPC_p21,CPC_chg,CPC_cand,NDP_v25,NDP_p25,NDP_v21,NDP_p21,NDP_chg,NDP_cand,BQ_v25,BQ_p25,BQ_v21,BQ_p21,BQ_chg,BQ_cand,GPC_v25,GPC_p25,GPC_v21,GPC_p21,GPC_chg,GPC_cand,PPC_v25,PPC_p25,PPC_v21,PPC_p21,PPC_chg,PPC_cand,OTH_v25,OTH_p25,OTH_v21,OTH_p21,OTH_chg,OTH_cand
10001,LPC,Paul Connors,47030,10610,22.6,27563,58.6,18163,51.0,7.6,Paul Connors,16953,36.0,11788,33.1,3.0,Steve Kent,2284,4.9,5026,14.1,-9.3,Judy Vanta,,,,,,,,,,,,,,,644,1.8,,,230,0.5,,,0.5,
10002,LPC,Tom Osborne,45988,19544,42.5,31388,68.3,19368,54.7,13.6,Tom Osborne,11844,25.8,7179,20.3,5.5,Corey Curtis,2446,5.3,8248,23.3,-18.0,Brenda Walsh,,,,,,,140,0.3,,,0.3,Kaelem Tingate,,,628,1.8,,,170,0.4,,,0.4,
10003,CPC,Clifford Small **,40636,4279,10.5,17696,43.5,14646,46.0,-2.5,Lynette Powell,21975,54.1,14927,46.9,7.2,Clifford Small **,965,2.4,2261,7.1,-4.7,Darian Vincent,,,,,,,,,,,,,,,,,,,,,,,,
10004,LPC,Philip Earle,11284,1102,9.8,5811,51.5,4107,42.8,8.7,Philip Earle,4709,41.7,2914,30.3,11.4,Ella Wallace,764,6.8,2289,23.8,-17.1,Marius Normore,,,,,,,,,,,,,,,295,3.1,,,,,,,,
10005,CPC,Carol Anstey,46143,3506,7.6,19726,42.7,16178,44.4,-1.6,Don Bradshaw,23232,50.3,14344,39.4,11.0,Carol Anstey,2011,4.4,4347,11.9,-7.6,Sarah Parsons,,,,,,,,,,,,,537,1.2,1578,4.3,-3.2,Pamela Geiger,637,1.4,,,1.4,
10006,LPC,Joanne Thompson **,46051,16740,36.4,28681,62.3,16655,45.1,17.2,Joanne Thompson **,11941,25.9,6676,18.1,7.9,David Brazil,5172,11.2,12913,34.9,-23.7,Mary Shortall,,,,,,,159,0.3,,,0.3,Otis Crandell,,,719,1.9,,,98,0.2,,,0.2,
10007,CPC,Jonathan Rowe,40875,12,0,19593,47.9,15112,47.3,0.7,Anthony Germain,19605,48.0,12939,40.5,7.5,Jonathan Rowe,1677,4.1,2651,8.3,-4.2,Liam Ryan,,,,,,,,,,,,,,,1273,4.0,,,,,,,,
11001,LPC,Kent MacDonald,25261,4962,19.6,14404,57.0,10944,50.6,6.5,Kent MacDonald,9442,37.4,6693,30.9,6.5,James Aylward,505,2.0,2113,9.8,-7.8,Lynne Thiele,,,,,,,326,1.3,1040,4.8,-3.5,Maria Rodriguez,180,0.7,711,3.3,-2.6,Adam Harding,404,1.6,143,0.7,0.9,
11002,LPC,Sean Casey **,21089,7517,35.6,13656,64.8,8919,46.7,18.1,Sean Casey **,6139,29.1,5932,31.1,-1.9,Natalie Jameson,906,4.3,2048,10.7,-6.4,Joe Byrne,,,,,,,257,1.2,1832,9.6,-8.4,Daniel Cousins,131,0.6,369,1.9,-1.3,Robert Lucas,,,,,,
11003,LPC,Bobby Morrissey **,24008,2047,8.5,12466,51.9,9546,46.1,5.9,Bobby Morrissey **,10419,43.4,6406,30.9,12.5,Logan McLellan,585,2.4,1785,8.6,-6.2,Carol Rybinski,,,,,,,538,2.2,1954,9.4,-7.2,Ranald MacFarlane,,,1031,5.0,,,,,,,,
11004,LPC,Heath MacDonald **,26883,5639,21.0,15485,57.6,9637,41.9,15.7,Heath MacDonald **,9846,36.6,7642,33.2,3.4,Jamie Fox,371,1.4,1855,8.1,-6.7,Cassie Mackay,,,,,,,1049,3.9,3222,14.0,-10.1,Anna Keenan,132,0.5,636,2.8,-2.3,Hilda Baughan,,,2,,,
12001,CPC,Chris d'Entremont **,48298,533,1.1,22491,46.6,12334,30.7,15.9,Ronnie LeBlanc,23024,47.7,20636,51.4,-3.7,Chris d'Entremont **,1768,3.7,5091,12.7,-9.0,Ingrid Deon,,,,,,,583,1.2,,,1.2,Matthew Piggott,432,0.9,2125,5.3,-4.4,James Strange,,,,,,
12002,LPC,Jaime Battiste **,48278,4038,8.4,24908,51.6,19605,45.7,5.9,Jaime Battiste **,20870,43.2,15028,35.0,8.2,Allan MacMaster,1930,4.0,6273,14.6,-10.6,Joanna Clark,,,,,,,,,204,0.5,,,333,0.7,1691,3.9,-3.3,Ryan Smyth,237,0.5,114,0.3,0.2,
12003,LPC,Sean Fraser **,50213,4613,9.2,26078,51.9,17928,44.3,7.7,Sean Fraser **,21465,42.7,13352,33.0,9.8,Brycen Jenkins,1649,3.3,6507,16.1,-12.8,Jesiah MacDonald,,,,,,,455,0.9,619,1.5,-0.6,Gerald Romsa,331,0.7,1613,4.0,-3.3,Charlie MacEachern,235,0.5,485,1.2,-0.7,
12004,LPC,Alana Hirtle,49530,1228,2.5,23929,48.3,13822,34.2,14.1,Alana Hirtle,22701,45.8,18601,46.0,-0.2,Stephen Ellis **,1873,3.8,4984,12.3,-8.5,Larry Duchesne,,,,,,,694,1.4,1045,2.6,-1.2,Kelly-Ann Callaghan,333,0.7,1687,4.2,-3.5,Paul Church,,,278,0.7,,
12005,LPC,Darren Fisher **,59634,26810,45.0,40367,67.7,25883,51.4,16.3,Darren Fisher **,13557,22.7,1530,3.0,19.7,Isabelle Obeid,4201,7.0,16559,32.9,-25.9,Keith Morrison,,,,,,,628,1.1,1460,2.9,-1.8,Rana Zaman,750,1.3,4896,9.7,-8.5,Michelle Lindsay,131,0.2,,,0.2,
12006,LPC,Shannon Miedema,52160,22947,44.0,32886,63.0,20070,42.2,20.8,Shannon Miedema,9939,19.1,6038,12.7,6.4,Mark Boudreau,8642,16.6,19187,40.4,-23.8,Lisa Roberts,,,,,,,422,0.8,1045,2.2,-1.4,Amethyste Hamel-Gregory,271,0.5,1003,2.1,-1.6,Maricar Aliasut,,,192,0.4,,
12007,LPC,Lena Metlege Diab **,55184,21180,38.4,36200,65.6,21670,47.6,18.0,Lena Metlege Diab **,15020,27.2,9796,21.5,5.7,Rob Batherson,3083,5.6,11853,26.0,-20.4,Rae Tench,,,,,,,497,0.9,1128,2.5,-1.6,Ron G. Parker,384,0.7,1049,2.3,-1.6,Adam LeRue,,,67,0.1,,
12008,LPC,Kody Blois **,59179,16063,27.1,35836,60.6,21590,44.4,16.2,Kody Blois **,19773,33.4,14702,30.2,3.2,Joel Hirtle,2154,3.6,9199,18.9,-15.3,Paul Doerr,,,,,,,825,1.4,940,1.9,-0.5,Karen Beazley,591,1.0,2210,4.5,-3.5,Alexander Cargill,,,,,,
12009,LPC,Braedon Clark,58190,17202,29.6,36062,62.0,22283,44.8,17.2,Braedon Clark,18860,32.4,12368,24.9,7.6,Dave Carroll,2324,4.0,12341,24.8,-20.8,Isaac Wilson,,,,,,,526,0.9,1013,2.0,-1.1,Andre Anderson,418,0.7,1739,3.5,-2.8,Ryan Slaney,,,23,,,
12010,LPC,Jessica Fancy-Landry,50711,6967,13.7,27831,54.9,14794,35.5,19.4,Jessica Fancy-Landry,20864,41.1,18105,43.5,-2.3,Rick Perkins **,,,7575,18.2,,,,,,,,,818,1.6,1178,2.8,-1.2,Mark Embrett,698,1.4,,,1.4,Patrick Shea Boyd,500,1.0,,,1.0,
12011,LPC,Mike Kelloway **,47166,7788,16.5,25766,54.6,17257,41.7,12.9,Mike Kelloway **,17978,38.1,14159,34.2,3.9,Anna Manley,1789,3.8,8264,20.0,-16.2,Kimberly Losier,,,,,,,,,269,0.6,,,589,1.2,1351,3.3,-2.0,Jeffrey Evely,1044,2.2,96,0.2,2.0,
13001,LPC,Serge Cormier **,48248,20015,41.5,32556,67.5,28840,65.1,2.4,Serge Cormier **,12541,26.0,6087,13.7,12.2,James Brown,2108,4.4,4968,11.2,-6.8,Ty Boulay,,,,,,,,,1252,2.8,,,1043,2.2,2592,5.9,-3.7,Randi Rachelle Raynard,,,549,1.2,,
13002,LPC,Dominic LeBlanc **,59631,16277,27.3,36139,60.6,27271,55.6,5.0,Dominic LeBlanc **,19862,33.3,9511,19.4,13.9,Nathalie Vautour,1448,2.4,5383,11.0,-8.5,Alex Gagne,,,,,,,1291,2.2,2797,5.7,-3.5,Josh Shaddick,503,0.8,3717,7.6,-6.7,Eddie Cornell,388,0.7,389,0.8,-0.1,
13003,LPC,David Myles,50169,14550,29.0,30750,61.3,15979,38.1,23.1,David Myles,16200,32.3,14193,33.9,-1.6,Brian Macdonald,908,1.8,5508,13.1,-11.3,Nicki Lyons-MacFarlane,,,,,,,1568,3.1,5450,13.0,-9.9,Pam Allen-Leblanc,208,0.4,134,0.3,0.1,Heather Michaud,535,1.1,622,1.5,-0.4,
13004,CPC,Rob Moore **,47611,6308,13.2,19103,40.1,9900,25.4,14.7,Bill Kudla,25411,53.4,18116,46.4,6.9,Rob Moore **,1507,3.2,5664,14.5,-11.4,Cindy Andrie,,,,,,,961,2.0,1961,5.0,-3.0,Hans Johnsen,629,1.3,3369,8.6,-7.3,Alastair MacFarlane,,,,,,
13005,LPC,Guillaume Deschênes-Thériault,41178,6400,15.5,22720,55.2,18724,52.2,3.0,Guillaume Deschênes-Thériault,16320,39.6,9873,27.5,12.1,Michel Morin,1251,3.0,2206,6.2,-3.1,Daisy Petersen,,,,,,,,,966,2.7,,,887,2.2,2717,7.6,-5.4,Nancy Mercier,,,1379,3.8,,
13006,CPC,Mike Dawson,38257,384,1.0,18037,47.1,12377,36.5,10.6,Lisa Harris,18421,48.2,15567,46.0,2.2,Mike Dawson,968,2.5,2499,7.4,-4.8,Josh Floyd,,,,,,,831,2.2,1577,4.7,-2.5,Matthew Ian Clark,,,1819,5.4,,,,,29,0.1,,
13007,LPC,Ginette Petitpas Taylor **,47958,15241,31.8,30215,63.0,20421,50.1,12.9,Ginette Petitpas Taylor **,14974,31.2,9220,22.6,8.6,Jocelyn Dionne,1775,3.7,6851,16.8,-13.1,Serge Landry,,,,,,,994,2.1,1732,4.2,-2.2,Marshall Dunn,,,2563,6.3,,,,,2,,,
13008,LPC,Wayne Long **,44967,9342,20.8,26129,58.1,16082,42.7,15.4,Wayne Long **,16787,37.3,13688,36.3,1.0,Melissa Young,1206,2.7,4961,13.2,-10.5,Armand Cormier,,,,,,,737,1.6,1098,2.9,-1.3,David MacFarquhar,,,1839,4.9,,,108,0.2,,,0.2,
13009,CPC,John Williamson **,50092,5807,11.6,20784,41.5,12008,28.0,13.5,Karen Ludwig,26591,53.1,20210,47.1,5.9,John Williamson **,1643,3.3,5588,13.0,-9.8,Andrew Hill,,,,,,,794,1.6,1731,4.0,-2.5,Gerald Irish,,,3258,7.6,,,280,0.6,69,0.2,0.4,
13010,CPC,Richard Bragdon **,39667,9096,22.9,14226,35.9,7343,22.6,13.3,Julian Moulton,23322,58.8,17212,53.0,5.8,Richard Bragdon **,812,2.0,3724,11.5,-9.4,Michael John Winter,,,,,,,806,2.0,1599,4.9,-2.9,Liam MacDougall,501,1.3,2337,7.2,-5.9,Vern Brundle,,,279,0.9,,
24001,LPC,Mandy Gull-Masty,30561,2197,7.2,12578,41.2,7384,26.0,15.2,Mandy Gull-Masty,6850,22.4,4508,15.9,6.6,Steve Corriveau,752,2.5,3323,11.7,-9.2,Thai Dillon Higashihara,10381,34.0,10787,37.9,-4.0,Sylvie Bérubé **,,,442,1.6,,,,,1072,3.8,,,,,918,3.2,,
24002,BQ,Sébastien Lemire **,50115,11223,22.4,13551,27.0,11013,24.1,2.9,Jonathan Andresen,9861,19.7,5339,11.7,8.0,Steve Tardif,1480,3.0,2794,6.1,-3.2,Jérémie Juneau,24774,49.4,23120,50.6,-1.2,Sébastien Lemire **,,,748,1.6,,,,,1538,3.4,,,449,0.9,1133,2.5,-1.6,
24003,LPC,Mélanie Joly **,50577,22295,44.1,30833,61.0,25013,51.8,9.1,Mélanie Joly **,7600,15.0,3924,8.1,6.9,Margie Ramos,3333,6.6,5661,11.7,-5.1,Idil Issa,8538,16.9,10983,22.8,-5.9,Nabila Ben Youssef,,,1444,3.0,,,,,1249,2.6,,,273,0.5,,,0.5,
24004,LPC,Angelo Iacono **,60331,20263,33.6,32934,54.6,26832,47.7,6.9,Angelo Iacono **,12671,21.0,7458,13.3,7.7,Louis Ialenti,2044,3.4,4390,7.8,-4.4,Jordan Larochelle,12259,20.3,14970,26.6,-6.3,Isabel Dion,,,940,1.7,,,423,0.7,188,0.3,0.4,Ludovic Mbany,,,1467,2.6,,
24005,LPC,Stéphane Lauzon **,59233,13427,22.7,28124,47.5,20565,39.2,8.3,Stéphane Lauzon **,14697,24.8,7081,13.5,11.3,Martin Charron,1499,2.5,3728,7.1,-4.6,Michel Welt,13520,22.8,17190,32.8,-9.9,Martin Héroux,807,1.4,193,0.4,1.0,Bertha Fuchsman-Small,586,1.0,3030,5.8,-4.8,Lindsey Therrien,,,663,1.3,,
24006,CPC,Jason Groleau,62982,25547,40.6,12057,19.1,7018,12.3,6.8,Maryelle-Henriette Doumbia,37604,59.7,27514,48.3,11.4,Jason Groleau,1100,1.7,1654,2.9,-1.2,Annabelle Lafond-Poirier,8595,13.6,8644,15.2,-1.5,Gaétan Mathieu,,,486,0.9,,,3626,5.8,10362,18.2,-12.4,Maxime Bernier,,,1302,2.3,,
24007,BQ,Claude Debellefeuille **,68314,8066,11.8,21939,32.1,16423,27.2,4.9,Miguel Perras,13230,19.4,7131,11.8,7.5,Priska St-Pierre,1663,2.4,4476,7.4,-5.0,Tyler Jones,30005,43.9,29155,48.4,-4.4,Claude Debellefeuille **,802,1.2,120,0.2,1.0,Kristian Solarik,675,1.0,1995,3.3,-2.3,Martin Lévesque,,,973,1.6,,
24008,LPC,Steeve Lavoie,61418,3366,5.5,21858,35.6,14185,24.7,10.9,Steeve Lavoie,18492,30.1,17482,30.4,-0.3,Hugo Langlois,2095,3.4,5596,9.7,-6.3,Raymond Côté,17558,28.6,17871,31.1,-2.5,Julie Vignola **,924,1.5,1173,2.0,-0.5,Dalila Elhak,396,0.6,178,0.3,0.3,Andrée Massicotte,95,0.2,972,1.7,-1.5,
24010,CPC,Dominique Vien **,65398,13455,20.6,18642,28.5,9033,15.5,13.0,Glenn O'Farrell,32097,49.1,30373,52.1,-3.0,Dominique Vien **,1621,2.5,2873,4.9,-2.4,Marie-Philippe Gagnon Gauthier,12244,18.7,13268,22.7,-4.0,Gaby Breton,,,840,1.4,,,794,1.2,,,1.2,Mario Fréchette,,,1943,3.3,,
24011,BQ,Yves-François Blanchet **,68052,9708,14.3,23136,34.0,14088,23.4,10.6,Nicholas Malouin,9199,13.5,5037,8.4,5.1,Sylvain Goulet,2391,3.5,5126,8.5,-5.0,Marie-Josée Béliveau,32844,48.3,32233,53.6,-5.3,Yves-François Blanchet **,,,1203,2.0,,,482,0.7,1214,2.0,-1.3,Nicholas Manes,,,1271,2.1,,
24012,BQ,Yves Perron **,61956,6620,10.7,15056,24.3,8741,15.4,8.9,Stéphane Bilodeau,10641,17.2,6197,10.9,6.3,Peter Saliba,13457,21.7,18552,32.7,-11.0,Ruth Ellen Brosseau,21676,35.0,20406,35.9,-1.0,Yves Perron **,551,0.9,548,1.0,-0.1,Daniel Simon,575,0.9,1496,2.6,-1.7,Elia Gomez-Gnali,,,827,1.5,,
24013,LPC,Abdelhaq Sari,36202,14992,41.4,21198,58.6,22303,60.4,-1.8,Abdelhaq Sari,5905,16.3,2587,7.0,9.3,Néhémie Dumay,2137,5.9,2956,8.0,-2.1,Catherine Gauvin,6206,17.1,6907,18.7,-1.6,Jency Mercier,,,679,1.8,,,433,1.2,1349,3.7,-2.5,Jean-Marc Lamothe,323,0.9,151,0.4,0.5,
24014,LPC,Louis Villeneuve,71952,14545,20.2,34727,48.3,21488,35.0,13.3,Louis Villeneuve,13743,19.1,9961,16.2,2.9,Steve Charbonneau,1600,2.2,3828,6.2,-4.0,Zoé Larose,20182,28.0,21291,34.6,-6.6,Jeff Boudreault,1139,1.6,1466,2.4,-0.8,Michelle Corcos,561,0.8,1982,3.2,-2.4,Jack McLeod,,,1455,2.4,,
24015,LPC,Alexandra Mendès **,58739,25465,43.4,36541,62.2,28326,54.1,8.1,Alexandra Mendès **,11076,18.9,6276,12.0,6.9,William Huynh-Jan,2049,3.5,5442,10.4,-6.9,Zeinab Mistou Akkaoui,7837,13.3,10441,19.9,-6.6,Soledad Orihuela-Bouchard,855,1.5,,,1.5,Gregory De Luca,381,0.6,1288,2.5,-1.8,Hector Huerta,,,583,1.1,,
24009,BQ,Louis Plamondon **,54318,10693,19.7,14813,27.3,8451,16.9,10.4,Pierre Tousignant,11717,21.6,8404,16.8,4.8,Michel Plourde,1112,2.0,2550,5.1,-3.1,Tommy Gagnon,25506,47.0,27403,54.8,-7.8,Louis Plamondon **,738,1.4,770,1.5,-0.2,Yanick Lapierre,432,0.8,1214,2.4,-1.6,Lara Stillo,,,1215,2.4,,
24016,CPC,Pierre Paul-Hus **,65266,5101,7.8,22597,34.6,11840,19.7,14.9,Louis Bellemare,27698,42.4,26932,44.8,-2.4,Pierre Paul-Hus **,1752,2.7,3570,5.9,-3.3,Dominique Harrisson,12346,18.9,14855,24.7,-5.8,Bladimir Laborit Infante,,,1013,1.7,,,516,0.8,1322,2.2,-1.4,Paul Cyr,357,0.5,536,0.9,-0.3,
24018,CPC,Richard Martel **,50839,1499,2.9,15820,31.1,8642,18.2,12.9,Stéphane Proulx,17356,34.1,19164,40.4,-6.2,Richard Martel **,991,1.9,2234,4.7,-2.8,Raphaël Émond,15857,31.2,16174,34.1,-2.9,Marc St-Hilaire,476,0.9,556,1.2,-0.2,Yves Laporte,339,0.7,648,1.4,-0.7,François Sabourin,,,44,0.1,,
24017,LPC,Nathalie Provost,62501,10064,16.1,28224,45.2,19727,36.5,8.6,Nathalie Provost,13538,21.7,6586,12.2,9.5,David De Repentigny,1377,2.2,4214,7.8,-5.6,Hannah Wolker,18160,29.1,19773,36.6,-7.5,Patrick O'Hara,773,1.2,801,1.5,-0.2,Martine Desrochers,429,0.7,2034,3.8,-3.1,Nicolas Guérin,,,896,1.7,,
24019,LPC,Marianne Dandurand,65620,12646,19.3,29951,45.6,21582,36.7,9.0,Marianne Dandurand,14292,21.8,10259,17.4,4.3,Jacques Painchaud,2124,3.2,4415,7.5,-4.3,Valérie Laliberté,17305,26.4,17946,30.5,-4.1,Nathalie Bresse,1161,1.8,1648,2.8,-1.0,Sébastien Tremblay,787,1.2,2219,3.8,-2.6,Paul Lehmann,,,771,1.3,,
24021,BQ,Marilène Gill **,37183,6058,16.3,10185,27.4,6545,18.7,8.7,Kevin Coutu,9365,25.2,7640,21.8,3.4,Mélanie Dorion,640,1.7,1509,4.3,-2.6,Marika Lalime,16243,43.7,18419,52.6,-8.9,Marilène Gill **,,,,,,,,,,,,,750,2.0,887,2.5,-0.5,
24020,CPC,Bernard Généreux **,62992,9776,15.5,19097,30.3,10911,19.1,11.3,Rémi Massé,28873,45.8,25703,44.9,0.9,Bernard Généreux **,1072,1.7,1926,3.4,-1.7,Iseult L'Heureux Hubert,12598,20.0,17060,29.8,-9.8,Diane Sénécal,682,1.1,,,1.1,Alexie Plourde,464,0.7,204,0.4,0.4,Jean-François Morin,206,0.3,1440,2.5,-2.2,
24022,LPC,Anju Dhillon **,50420,19499,38.7,29927,59.4,24267,52.2,7.1,Anju Dhillon **,10428,20.7,5533,11.9,8.8,Alioune Sarr,2104,4.2,6098,13.1,-9.0,Angélique Soleil Lavoie,6338,12.6,7302,15.7,-3.1,Pauline Fleur Julie Postel,823,1.6,1313,2.8,-1.2,Amir Badr Eldeen,478,0.9,1949,4.2,-3.2,Michael Patterson,322,0.6,,,0.6,
24023,BQ,Martin Champoux **,56239,8073,14.4,15998,28.4,9614,18.8,9.7,Ghada Jerbi,12790,22.7,9179,17.9,4.8,François Fréchette,2607,4.6,5709,11.2,-6.5,François Choquette,24071,42.8,23866,46.6,-3.8,Martin Champoux **,,,,,,,773,1.4,,,1.4,William Trottier,,,2821,5.5,,
24024,BQ,Alexis Deschênes,56984,4274,7.5,21817,38.3,21280,39.9,-1.6,Diane Lebouthillier **,7047,12.4,4399,8.2,4.1,Jean-Pierre Pigeon,1005,1.8,2288,4.3,-2.5,Denise Giroux,26091,45.8,23626,44.3,1.5,Alexis Deschênes,,,,,,,452,0.8,1070,2.0,-1.2,Christian Rioux,572,1.0,727,1.4,-0.4,
24025,LPC,Steven MacKinnon **,57399,23769,41.4,34751,60.5,27438,50.1,10.4,Steven MacKinnon **,10982,19.1,6056,11.1,8.1,Kethlande Pierre,1615,2.8,4722,8.6,-5.8,Daniel Simoncic,9373,16.3,12828,23.4,-7.1,Richard Nadeau,,,856,1.6,,,505,0.9,2213,4.0,-3.2,Mathieu Saint-Jean,173,0.3,649,1.2,-0.9,
24026,LPC,Marie-Gabrielle Ménard,51147,9699,19.0,23601,46.1,18567,38.4,7.8,Marie-Gabrielle Ménard,5402,10.6,2266,4.7,5.9,Carl Belley,6671,13.0,9823,20.3,-7.3,Julie Girard-Lemay,13902,27.2,15218,31.5,-4.3,Rose Lessard,1329,2.6,965,2.0,0.6,Jacob Pirro,,,1100,2.3,,,242,0.5,430,0.9,-0.4,
24027,LPC,Eric St-Pierre,49780,19255,38.7,29947,60.2,29339,60.0,0.2,Eric St-Pierre,10692,21.5,5162,10.6,10.9,Ingrid Fernanda Megni,1787,3.6,3576,7.3,-3.7,Djaouida Sellah,6435,12.9,7963,16.3,-3.4,Edline Henri,568,1.1,734,1.5,-0.4,Gaëtan Bérard,351,0.7,2047,4.2,-3.5,Marie-Louise Beauchamp,,,85,0.2,,
24028,LPC,Greg Fergus **,51487,23251,45.2,31978,62.1,25380,52.5,9.7,Greg Fergus **,8727,16.9,5219,10.8,6.2,Jill Declare,2855,5.5,6171,12.8,-7.2,Pascale Matecki,6248,12.1,7780,16.1,-3.9,Alice Grondin,1130,2.2,1365,2.8,-0.6,Frédéric Morin-Paquette,341,0.7,1769,3.7,-3.0,Jean-Jacques Desgranges,208,0.4,699,1.4,-1.0,
24029,BQ,Gabriel Ste-Marie **,57229,10306,18.0,17890,31.3,11571,22.3,9.0,Marc Allaire,8721,15.2,4922,9.5,5.8,Pascal Bapfou Vozang Siewe,1408,2.5,3024,5.8,-3.4,Vanessa Gordon,28196,49.3,28653,55.1,-5.9,Gabriel Ste-Marie **,1014,1.8,1012,1.9,-0.2,Érica Poirier,,,1565,3.0,,,,,1228,2.4,,
24030,BQ,Mario Simard **,50629,4933,9.7,13172,26.0,9528,20.8,5.2,William Van Tassel,15314,30.2,12986,28.3,1.9,Fanny Boulanger,932,1.8,2454,5.4,-3.5,Lise Garon,20247,40.0,19775,43.1,-3.1,Mario Simard **,448,0.9,779,1.7,-0.8,Marie-Josée Yelle,516,1.0,1,,1.0,Patrick Gaudreault,,,328,0.7,,
24031,BQ,Mario Beaulieu **,53209,2889,5.4,20051,37.7,16506,32.3,5.4,Viviane Minko,6781,12.7,3426,6.7,6.0,Violetta Potapova,2279,4.3,4952,9.7,-5.4,Ghada Chaabi,22940,43.1,23820,46.7,-3.5,Mario Beaulieu **,977,1.8,,,1.8,Olivier Huard,,,1398,2.7,,,181,0.3,956,1.9,-1.5,
24032,LPC,Jacques Ramsay,66761,6186,9.3,29418,44.1,20470,34.6,9.4,Jacques Ramsay,11505,17.2,5878,9.9,7.3,Dave Pouliot,1588,2.4,4317,7.3,-4.9,Mathieu Boisvert,23232,34.8,25862,43.7,-8.9,Alain Therrien **,657,1.0,983,1.7,-0.7,Barbara Joannette,361,0.5,1532,2.6,-2.0,Ruth Fontaine,,,94,0.2,,
24035,LPC,Claude Guay,53953,15972,29.6,27439,50.9,21313,43.4,7.4,Claude Guay,7456,13.8,3755,7.7,6.2,Zsolt Fischer,5587,10.4,9319,19.0,-8.6,Craig Sauvé,11467,21.3,10710,21.8,-0.6,Louis-Philippe Sauvé **,1298,2.4,1478,3.0,-0.6,Bisma Ansari,260,0.5,1673,3.4,-2.9,Gregory Yablunovsky,446,0.8,832,1.7,-0.9,
24033,BQ,Alexis Brunelle-Duceppe **,47756,9533,20.0,12536,26.3,8423,19.0,7.3,Denis Lemieux,11792,24.7,11199,25.2,-0.6,Dave Blackburn,819,1.7,1452,3.3,-1.6,Hugues Boily-Maltais,22069,46.2,22580,50.9,-4.7,Alexis Brunelle-Duceppe **,,,710,1.6,,,540,1.1,,,1.1,Lorie Bouchard,,,,,,
24034,LPC,Francis Scarpaleggia **,64242,28243,44.0,43446,67.6,32477,56.3,11.4,Francis Scarpaleggia **,15203,23.7,10911,18.9,4.8,Matthew Rusniak,1877,2.9,7679,13.3,-10.4,Gregory Evdokias,2330,3.6,3078,5.3,-1.7,Tommy Fournier,915,1.4,1868,3.2,-1.8,Raymond Frizzell,471,0.7,1712,3.0,-2.2,Mathieu Dufort,,,,,,
24036,BQ,Marie-Hélène Gaudreau **,52983,5101,9.6,18514,34.9,10987,23.4,11.5,Emrick Vienneau,7900,14.9,4923,10.5,4.4,Daniel Paquette,1341,2.5,2591,5.5,-3.0,Michel Noël De Tilly,23615,44.6,24608,52.4,-7.9,Marie-Hélène Gaudreau **,864,1.6,1134,2.4,-0.8,Michel Le Comte,749,1.4,1702,3.6,-2.2,Amélie Charbonneau,,,985,2.1,,
24037,LPC,Steven Guilbeault **,52401,17430,33.3,27286,52.1,17679,39.6,12.5,Steven Guilbeault **,4796,9.2,2013,4.5,4.6,Mathieu Fournier,9856,18.8,13561,30.3,-11.5,Nimâ Machouf,8079,15.4,9005,20.1,-4.7,Emmanuel Lapierre,1452,2.8,996,2.2,0.5,Dylan Perceval-Maxwell,253,0.5,792,1.8,-1.3,Eugène Duplessis,679,1.3,649,1.5,-0.2,
24038,LPC,Fayçal El-Khoury **,56916,9947,17.5,28302,49.7,24758,48.9,0.8,Fayçal El-Khoury **,18355,32.2,8963,17.7,14.5,Konstantinos Merakos,1961,3.4,3889,7.7,-4.2,Étienne Loiselle-Schiettekatte,8298,14.6,9656,19.1,-4.5,Catherine Dansereau-Redhead,,,760,1.5,,,,,2571,5.1,,,,,,,,
24039,LPC,Tim Watchorn,65703,3217,4.9,26967,41.0,14203,25.8,15.2,Tim Watchorn,11816,18.0,6406,11.7,6.3,Vincent Leroux,1493,2.3,3792,6.9,-4.6,Eric-Abel Baland,23750,36.1,26160,47.6,-11.4,Ariane Charbonneau,1038,1.6,843,1.5,0.0,Karine Steinberger,639,1.0,2391,4.3,-3.4,George Mogiljansky,,,1192,2.2,,
24041,LPC,Sherry Romanado **,50900,11555,22.7,25138,49.4,19446,40.4,9.0,Sherry Romanado **,8547,16.8,3991,8.3,8.5,Terry Roberts,2832,5.6,4970,10.3,-4.8,Marie-Andrée Gravel,13583,26.7,16986,35.3,-8.6,Beritan Oerde,,,1174,2.4,,,411,0.8,1412,2.9,-2.1,Tiny Olinga,389,0.8,122,0.3,0.5,
24042,LPC,Natilien Joseph,59138,769,1.3,24237,41.0,21973,38.3,2.7,Natilien Joseph,8447,14.3,3982,6.9,7.3,Martine Boucher,2986,5.0,4560,8.0,-2.9,Nesrine Benhadj,23468,39.7,23616,41.2,-1.5,Denis Trudel **,,,1596,2.8,,,,,1361,2.4,,,,,249,0.4,,
24043,LPC,Joël Lightbound **,60445,20615,34.1,33512,55.4,21755,38.2,17.2,Joël Lightbound **,12164,20.1,13873,24.4,-4.3,Claude Dussault,1540,2.5,4106,7.2,-4.7,Jean-Paul Lussiaà-Berdou,12897,21.3,15315,26.9,-5.6,Valérie Savard,,,1474,2.6,,,332,0.5,,,0.5,Vatthana Maholy,,,367,0.6,,
24044,CPC,Gérard Deltell **,65817,7832,11.9,21693,33.0,10267,17.3,15.6,Rhode-Malaure Pierre,29525,44.9,30863,52.1,-7.2,Gérard Deltell **,1607,2.4,3117,5.3,-2.8,Colette Ducharme,12465,18.9,11892,20.1,-1.1,Martin Trudel,,,843,1.4,,,527,0.8,1260,2.1,-1.3,Anthony Leclerc,,,990,1.7,,
24040,CPC,Jacques Gourde **,69821,12763,18.3,20549,29.4,9415,15.4,14.0,Ghislain Daigle,33312,47.7,30274,49.6,-1.9,Jacques Gourde **,1635,2.3,4450,7.3,-4.9,Molly Cornish,13627,19.5,13965,22.9,-3.4,Pierre Julien,,,821,1.3,,,698,1.0,1449,2.4,-1.4,Pier-Olivier Roy,,,673,1.1,,
24045,LPC,Carlos Leitão,57563,16344,28.4,29928,52.0,22994,44.1,7.9,Carlos Leitão,11923,20.7,6121,11.7,9.0,Janina Moran,2128,3.7,4461,8.6,-4.9,Alexandrah Cardona-Fortin,13584,23.6,16057,30.8,-7.2,Claude Tousignant,,,,,,,,,1509,2.9,,,,,990,1.9,,
24047,BQ,Jean-Denis Garon **,56359,3698,6.6,18796,33.4,12031,24.5,8.8,Robert Fleming,12544,22.3,6541,13.3,8.9,Serge Dubord,1333,2.4,4213,8.6,-6.2,Albert Batten,22494,39.9,22402,45.7,-5.8,Jean-Denis Garon **,792,1.4,1056,2.2,-0.7,Mario Guay,400,0.7,1864,3.8,-3.1,Christian Montpetit,,,935,1.9,,
24049,LPC,Bienvenu-Olivier Ntumba,68251,8202,12.0,32149,47.1,21299,34.1,13.0,Bienvenu-Olivier Ntumba,9335,13.7,6061,9.7,4.0,Nicolas Godin,1590,2.3,5186,8.3,-6.0,Mirabelle Leins,23947,35.1,28359,45.5,-10.4,Noémie Rouillard,833,1.2,91,0.1,1.1,Maria Korpijaakko,397,0.6,1314,2.1,-1.5,Patrick Rochon,,,78,0.1,,
24050,BQ,Luc Thériault **,58519,11499,19.7,15769,26.9,9731,20.0,7.0,Fatima Badran,13589,23.2,5685,11.7,11.5,Jean-Sébastien Lepage,1893,3.2,3053,6.3,-3.0,Denis Perreault,27268,46.6,25915,53.2,-6.6,Luc Thériault **,,,1244,2.6,,,,,2084,4.3,,,,,983,2.0,,
24051,CPC,Gabriel Hardy,59407,524,0.9,17101,28.8,10465,20.2,8.6,Alex Ouellet-Bélanger,20494,34.5,17453,33.7,0.8,Gabriel Hardy,905,1.5,2395,4.6,-3.1,Gérard Briand,19970,33.6,19113,36.9,-3.3,Caroline Desbiens **,580,1.0,608,1.2,-0.2,Élie Prud'Homme-Tessier,357,0.6,977,1.9,-1.3,Bart Cortenbach,,,794,1.5,,
24048,LPC,Anthony Housefather **,50028,5300,10.6,25544,51.1,23953,57.4,-6.3,Anthony Housefather **,20244,40.5,10047,24.1,16.4,Neil Oberman,2353,4.7,3701,8.9,-4.2,Adam Frank,1671,3.3,1699,4.1,-0.7,Yegor Komarov,,,1145,2.7,,,,,1112,2.7,,,216,0.4,101,0.2,0.2,
24046,CPC,Luc Berthold **,58635,21876,37.3,12594,21.5,7240,13.5,8.0,Charles Mckaig,34470,58.8,30443,56.8,2.0,Luc Berthold **,1066,1.8,1666,3.1,-1.3,Gabriel D'Astous,9607,16.4,10494,19.6,-3.2,Réjean Hurteau,,,705,1.3,,,717,1.2,1889,3.5,-2.3,Marek Spacek,181,0.3,1202,2.2,-1.9,
24052,LPC,Anna Gainey **,53490,23709,44.3,34226,64.0,25905,52.7,11.3,Anna Gainey **,10517,19.7,6552,13.3,6.3,Neil Drabkin,3956,7.4,9976,20.3,-12.9,Malcolm Lewis-Richmond,2652,5.0,3013,6.1,-1.2,Félix-Antoine Brault,1331,2.5,1948,4.0,-1.5,Arnold Downey,256,0.5,1575,3.2,-2.7,Marc Perez,552,1.0,200,0.4,0.6,
24053,LPC,Rachel Bendayan **,47142,20113,42.7,26024,55.2,18489,44.4,10.8,Rachel Bendayan **,5911,12.5,3070,7.4,5.2,Ronan Reich,5024,10.7,11315,27.2,-16.5,Ève Péclet,5644,12.0,6417,15.4,-3.4,Rémi Lebeuf,4539,9.6,1298,3.1,6.5,Jonathan Pedneault,,,898,2.2,,,,,139,0.3,,
24054,LPC,Marjorie Michel,46619,16974,36.4,24700,53.0,22857,50.3,2.7,Marjorie Michel,4927,10.6,2199,4.8,5.7,Julio Rivera,7606,16.3,10304,22.7,-6.4,Niall Ricardo,7726,16.6,6831,15.0,1.5,Sophy Forget Bélec,,,1448,3.2,,,455,1.0,1064,2.3,-1.4,Noah Cherney,1205,2.6,732,1.6,1.0,
24055,BQ,Xavier Barsalou-Duval **,62426,4548,7.3,24217,38.8,14282,25.9,12.9,Laurent de Casanove,7375,11.8,4870,8.8,3.0,Vincent Kunda,1541,2.5,4261,7.7,-5.2,Jean-François Filion,28765,46.1,29978,54.3,-8.2,Xavier Barsalou-Duval **,,,,,,,528,0.8,1078,2.0,-1.1,Alexandre Blais,,,777,1.4,,
24056,LPC,Sameer Zuberi **,57136,16873,29.5,34326,60.1,29296,56.0,4.1,Sameer Zuberi **,17453,30.5,10893,20.8,9.7,Tanya Toledano,1613,2.8,6034,11.5,-8.7,Kakou Richard Kouassi,3097,5.4,4141,7.9,-2.5,Katrina Archambault,,,,,,,333,0.6,1942,3.7,-3.1,Gordon Nash,314,0.5,,,0.5,
24057,LPC,Sophie Chatel **,58773,15867,27.0,32088,54.6,23148,43.8,10.8,Sophie Chatel **,16221,27.6,11312,21.4,6.2,Brian Nolan,2971,5.1,5997,11.4,-6.3,Gilbert W. Whiteduck,6071,10.3,7993,15.1,-4.8,Suzanne Proulx,749,1.3,1539,2.9,-1.6,Claude Bertrand,673,1.1,2361,4.5,-3.3,Todd Hoffman,,,445,0.8,,
24058,CPC,Joël Godin **,64941,13319,20.5,18865,29.0,8608,15.1,13.9,Antonin Leroux,32184,49.6,29780,52.4,-2.8,Joël Godin **,1034,1.6,2678,4.7,-3.1,Félix Couture,11606,17.9,13515,23.8,-5.9,Christian Hébert,728,1.1,,,1.1,Johann Queffelec,524,0.8,1392,2.4,-1.6,Simon Frenette,,,907,1.6,,
24059,LPC,Jean-Yves Duclos **,56319,7677,13.6,27880,49.5,19078,35.7,13.8,Jean-Yves Duclos **,,,9620,18.0,,,4400,7.8,6774,12.7,-4.9,Tommy Bureau,20203,35.9,15550,29.1,6.8,Simon Bérubé,,,1264,2.4,,,2818,5.0,840,1.6,3.4,Daniel Brisson,1018,1.8,312,0.6,1.2,
24060,BQ,Patrick Bonin,63015,2174,3.4,24419,38.8,15737,28.2,10.6,Pierre Richard Thomas,9583,15.2,4941,8.8,6.4,Charles Champagne,1722,2.7,4169,7.5,-4.7,Nathalie Gagnon,26593,42.2,28688,51.3,-9.1,Patrick Bonin,,,,,,,384,0.6,,,0.6,Benoit Lanoue,314,0.5,2338,4.2,-3.7,
24061,CPC,Éric Lefebvre,62546,1577,2.5,20629,33.0,8543,14.9,18.0,Alain Saint-Pierre,22206,35.5,28513,49.9,-14.4,Éric Lefebvre,1248,2.0,2550,4.5,-2.5,Nataël Bureau,17095,27.3,14150,24.8,2.6,Daniel Lebel,,,,,,,707,1.1,2058,3.6,-2.5,Philippe D'Arcangeli,661,1.1,1345,2.4,-1.3,
24062,BQ,Maxime Blanchette-Joncas **,54040,5746,10.6,19201,35.5,10846,22.0,13.5,Alexander Reford,7324,13.6,5507,11.2,2.4,Nancy Joannette,974,1.8,2882,5.9,-4.0,Salomé Salvain,24947,46.2,26778,54.4,-8.2,Maxime Blanchette-Joncas **,,,,,,,338,0.6,1012,2.1,-1.4,Taraneh Javanbakht,1256,2.3,2224,4.5,-2.2,
24063,LPC,Linda Lapointe,59887,7657,12.8,27326,45.6,18624,35.3,10.3,Linda Lapointe,10398,17.4,5377,10.2,7.2,Elia Lopez,1270,2.1,3803,7.2,-5.1,Joseph Hakizimana,19669,32.8,21399,40.6,-7.8,Luc Desilets **,734,1.2,959,1.8,-0.6,Alec Ware,306,0.5,1437,2.7,-2.2,David Santamaria Quiceno,184,0.3,1102,2.1,-1.8,
24064,BQ,Rhéal Fortin **,58018,7093,12.2,18345,31.6,11514,22.5,9.1,Mary-Helen Walton,12203,21.0,6173,12.0,9.0,Patricia Morrissette,2032,3.5,3534,6.9,-3.4,Christel Marchand,25438,43.8,26422,51.6,-7.7,Rhéal Fortin **,,,149,0.3,,,,,1963,3.8,,,,,1481,2.9,,
24065,NDP,Alexandre Boulerice **,59420,5601,9.4,18757,31.6,12738,23.2,8.4,Jean-Sébastien Vallée,4073,6.9,2199,4.0,2.9,Laetitia Tchatat,24358,41.0,26708,48.6,-7.6,Alexandre Boulerice **,10864,18.3,11751,21.4,-3.1,Olivier Gignac,1368,2.3,1308,2.4,-0.1,Benoît Morham,,,,,,,,,284,0.5,,
24066,BQ,Simon-Pierre Savard-Tremblay **,57986,5943,10.2,19504,33.6,12030,22.7,11.0,Mélanie Bédard,10431,18.0,7166,13.5,4.5,Gaëtan Deschênes,1373,2.4,6170,11.6,-9.3,Raymonde Plamondon,25447,43.9,25165,47.5,-3.6,Simon-Pierre Savard-Tremblay **,800,1.4,,,1.4,Martin Grenier,431,0.7,1445,2.7,-2.0,Sylvain Pariseau,,,1055,2.0,,
24067,BQ,Christine Normandin **,64215,6475,10.1,21999,34.3,16650,28.1,6.1,Patrick Agbokou,10480,16.3,7544,12.7,3.6,Marie Louis-Seize,1650,2.6,4308,7.3,-4.7,Danielle Dubuc,28474,44.3,27243,46.0,-1.7,Christine Normandin **,988,1.5,1262,2.1,-0.6,Vincent Piette,624,1.0,,,1.0,Tchad Deschenes,,,2203,3.7,,
24068,LPC,Emmanuella Lambropoulos **,44185,13544,30.7,26021,58.9,23445,59.4,-0.5,Emmanuella Lambropoulos **,12477,28.2,7225,18.3,9.9,Richard Serour,1985,4.5,4242,10.8,-6.3,Ryan Byrne,2523,5.7,3101,7.9,-2.2,Marielle Gendron,693,1.6,47,0.1,1.4,Richard Chambers,349,0.8,1246,3.2,-2.4,Manon Chevalier,137,0.3,145,0.4,-0.1,
24069,LPC,Patricia Lattanzio **,41066,18376,44.7,26833,65.3,28327,69.7,-4.3,Patricia Lattanzio **,8457,20.6,4260,10.5,10.1,Panagiota Koroneos,2450,6.0,3322,8.2,-2.2,Marwan El Attar,2938,7.2,3225,7.9,-0.8,Laurie Lelacheur,,,,,,,388,0.9,1526,3.8,-2.8,Caroline Mailloux,,,,,,
24070,LPC,François-Philippe Champagne **,62240,15774,25.3,31095,50.0,23913,42.4,7.5,François-Philippe Champagne **,15321,24.6,10139,18.0,6.6,Pierre-Augustin Allard,1224,2.0,2849,5.1,-3.1,Nathalie Garceau,13190,21.2,16940,30.1,-8.9,Thierry Bilodeau,704,1.1,731,1.3,-0.2,Marie-Claude Gaudet,455,0.7,,,0.7,David Rioux,251,0.4,1765,3.1,-2.7,
24071,BQ,Andréanne Larouche **,66631,571,0.9,26155,39.3,19968,33.5,5.8,Felix Dionne,11404,17.1,7234,12.1,5.0,James Seale,1557,2.3,3173,5.3,-3.0,Patrick Jasmin,26726,40.1,24997,41.9,-1.8,Andréanne Larouche **,,,1059,1.8,,,789,1.2,2073,3.5,-2.3,Susanne Lefebvre,,,1122,1.9,,
24072,LPC,Élisabeth Brière **,60931,15025,24.7,31249,51.3,21436,37.5,13.8,Élisabeth Brière **,7983,13.1,7318,12.8,0.3,Esteban Méndez-Hord,3516,5.8,7980,14.0,-8.2,Jean-Pierre Fortier,16224,26.6,16583,29.0,-2.4,Pierre-Étienne Rouillard,1383,2.3,1645,2.9,-0.6,Kevin McKenna,576,0.9,1401,2.5,-1.5,Alexandre Lépine,,,778,1.4,,
24073,LPC,Tatiana Auguste,60278,1,0,23352,38.7,16469,29.3,9.4,Tatiana Auguste,10961,18.2,5879,10.5,7.7,Adrienne Charles,1556,2.6,3738,6.7,-4.1,Maxime Beaudoin,23351,38.7,23293,41.4,-2.7,Nathalie Sinclair-Desgagné **,630,1.0,801,1.4,-0.4,Benjamin Rankin,428,0.7,1506,2.7,-2.0,Maria Cantore,,,4522,8.0,,
24074,LPC,Madeleine Chenette,64397,8691,13.5,29519,45.8,19402,35.3,10.6,Madeleine Chenette,12019,18.7,6077,11.0,7.6,Julie Bergeron,1585,2.5,4002,7.3,-4.8,Michel Lacroix,20828,32.3,22503,40.9,-8.5,Marie-Noëlle Closson-Duquette,,,1064,1.9,,,446,0.7,1474,2.7,-2.0,Chantal Lavoie,,,507,0.9,,
24075,LPC,Caroline Desrochers,61317,8226,13.4,25147,41.0,16637,28.6,12.4,Caroline Desrochers,16708,27.2,17053,29.3,-2.1,Yves Levesque,1437,2.3,4680,8.1,-5.7,Matthew Sévigny,16921,27.6,17136,29.5,-1.9,René Villemure **,569,0.9,754,1.3,-0.4,David Turcotte,320,0.5,1115,1.9,-1.4,Yan Patry,215,0.4,735,1.3,-0.9,
24076,LPC,Peter Schiefke **,70818,24803,35.0,40982,57.9,28430,47.5,10.3,Peter Schiefke **,16179,22.8,9853,16.5,6.4,Thomas Barré,1602,2.3,6372,10.7,-8.4,Kalden Dhatsenpa,10571,14.9,12489,20.9,-6.0,Christopher Massé,957,1.4,1511,2.5,-1.2,Dave Hamelin-Schuilenburg,527,0.7,,,0.7,Jean Boily,,,1155,1.9,,
24077,LPC,Marc Miller **,48519,21792,44.9,30905,63.7,20405,51.5,12.1,Marc Miller **,9113,18.8,5135,13.0,5.8,Steve Shanahan,2932,6.0,7073,17.9,-11.8,Suzanne Dufresne,4364,9.0,4674,11.8,-2.8,Kevin Majaducon,996,2.1,1063,2.7,-0.6,Nathe Perrone,,,1038,2.6,,,209,0.4,195,0.5,-0.1,
24078,LPC,Annie Koutrakis **,49677,14253,28.7,26531,53.4,22998,50.1,3.3,Annie Koutrakis **,12278,24.7,6358,13.9,10.9,Grace Daou,2342,4.7,4287,9.3,-4.6,Cindy Mercer,8526,17.2,10238,22.3,-5.2,Alicia Parenteau-Malakhanian,,,,,,,,,1987,4.3,,,,,,,,
35001,LPC,Jennifer McKelvie,65650,11317,17.2,36975,56.3,28279,56.8,-0.5,Jennifer McKelvie,25658,39.1,13237,26.6,12.5,Greg Brady,1762,2.7,6988,14.0,-11.4,Kyle Forster,,,,,,,612,0.9,1254,2.5,-1.6,Leigh Paulseth,,,,,,,643,1.0,,,1.0,
35002,CPC,Cheryl Gallant **,67018,11995,17.9,25338,37.8,11335,19.4,18.4,Cyndi Mills,37333,55.7,28967,49.5,6.2,Cheryl Gallant **,2469,3.7,12263,21.0,-17.3,Eileen Jones-Whyte,,,,,,,618,0.9,1111,1.9,-1.0,Danilo Velasquez,,,4469,7.6,,,1260,1.9,373,0.6,1.2,
35003,CPC,Costas Menegakis,62169,7433,12.0,26590,42.8,21043,44.7,-2.0,Leah Taylor Roy **,34023,54.7,19798,42.1,12.6,Costas Menegakis,835,1.3,3801,8.1,-6.7,Danielle Maniuk,,,,,,,465,0.7,80,0.2,0.6,Tom Muench,256,0.4,1830,3.9,-3.5,Igor Tvorogov,,,473,1.0,,
35004,CPC,John Brassard **,67325,13386,19.9,25557,38.0,15292,28.9,9.1,John Olthuis,38943,57.8,25234,47.7,10.2,John Brassard **,2130,3.2,8349,15.8,-12.6,Andrew Harrigan,,,,,,,,,,,,,695,1.0,4060,7.7,-6.6,Mark Sampson,,,,,,
35005,CPC,Doug Shipley **,65709,4799,7.3,29150,44.4,17482,30.4,14.0,Rose Zacharias,33949,51.7,26382,45.9,5.8,Doug Shipley **,1559,2.4,9547,16.6,-14.2,Gabriela Trujillo,,,,,,,893,1.4,122,0.2,1.1,Greg Taylor,,,3984,6.9,,,158,0.2,18,,0.2,
35006,LPC,Chris Malette,65182,3716,5.7,32846,50.4,21564,37.1,13.3,Chris Malette,29130,44.7,23528,40.5,4.2,Ryan Williams **,2373,3.6,8892,15.3,-11.7,Kate Crothers,,,,,,,833,1.3,1285,2.2,-0.9,Erica Charlton,,,2873,4.9,,,,,,,,
35007,LPC,Nate Erskine-Smith **,58755,25974,44.2,39804,67.7,28610,56.3,11.4,Nate Erskine-Smith **,13830,23.5,7333,14.4,9.1,Jocelyne Poirier,4027,6.9,11507,22.7,-15.8,Shannon Devine,,,,,,,748,1.3,1387,2.7,-1.5,Jack Pennings,,,1612,3.2,,,346,0.6,347,0.7,-0.1,
35008,CPC,Jamil Jivani **,70788,3018,4.3,32214,45.5,17003,30.8,14.7,Bridget Girard,35232,49.8,24627,44.7,5.1,Jamil Jivani **,2032,2.9,10144,18.4,-15.5,Elenor Marano,,,,,,,546,0.8,,,0.8,Julie Dietrich,,,2979,5.4,,,764,1.1,364,0.7,0.4,
35009,LPC,Amandeep Sodhi,40760,611,1.5,19716,48.4,16663,48.1,0.2,Amandeep Sodhi,19105,46.9,10894,31.5,15.4,Taran Chahal,1085,2.7,5483,15.8,-13.2,Anil Boodhai,,,,,,,469,1.2,,,1.2,Ray Shaver,288,0.7,1265,3.7,-2.9,Harsimran Kaur Hundal,97,0.2,303,0.9,-0.6,
35011,LPC,Maninder Sidhu **,48605,1885,3.9,23616,48.6,20205,53.2,-4.6,Maninder Sidhu **,21731,44.7,10848,28.6,16.1,Bob Dosanjh Singh,821,1.7,5917,15.6,-13.9,Haramrit Singh,,,,,,,,,,,,,2305,4.7,1003,2.6,2.1,Jeff Lal,132,0.3,,,0.3,
35012,LPC,Ruby Sahota **,46595,742,1.6,22847,49.0,18958,51.6,-2.6,Ruby Sahota **,22105,47.4,12180,33.1,14.3,Amandeep Judge,1008,2.2,5116,13.9,-11.8,Ruby Zaman,,,,,,,,,139,0.4,,,635,1.4,333,0.9,0.5,Sat Anand,,,18,,,
35013,LPC,Sonia Sidhu **,44603,808,1.8,22001,49.3,19130,54.0,-4.7,Sonia Sidhu **,21193,47.5,10402,29.4,18.1,Sukhdeep Kang,777,1.7,4778,13.5,-11.8,Rajni Sharma,,,,,,,,,,,,,358,0.8,1005,2.8,-2.0,Vijay Kumar,274,0.6,89,0.3,0.4,
35014,CPC,Amarjeet Gill,42387,918,2.2,20194,47.6,17500,56.3,-8.7,Kamal Khera **,21112,49.8,8615,27.7,22.1,Amarjeet Gill,708,1.7,3966,12.8,-11.1,Zaigham Javed,,,,,,,278,0.7,,,0.7,Sameera Khan,,,768,2.5,,,95,0.2,230,0.7,-0.5,
35010,LPC,Shafqat Ali **,44080,1941,4.4,21532,48.8,19661,50.8,-1.9,Shafqat Ali **,19591,44.4,11999,31.0,13.4,Tim Iqbal,1173,2.7,6518,16.8,-14.2,Teresa Yeh,,,,,,,521,1.2,,,1.2,Mike Dancy,741,1.7,,,1.7,Jayesh Brahmbhatt,522,1.2,530,1.4,-0.2,
35015,CPC,Larry Brock **,65793,7469,11.4,27032,41.1,15381,27.6,13.4,Joy O'Donnell,34501,52.4,22405,40.3,12.2,Larry Brock **,2410,3.7,11225,20.2,-16.5,Anne Gajerski-Cauley,,,,,,,1110,1.7,1473,2.6,-1.0,Karleigh Csordas,392,0.6,4883,8.8,-8.2,Nicholas Xenos,348,0.5,269,0.5,0.0,
35016,CPC,Alex Ruff **,66911,8647,12.9,26837,40.1,14738,25.2,14.9,Anne Marie Watson,35484,53.0,28727,49.2,3.9,Alex Ruff **,2069,3.1,7939,13.6,-10.5,Christopher Neudorf,,,,,,,1447,2.2,1789,3.1,-0.9,Natasha Akiwenzie,520,0.8,4697,8.0,-7.3,Pavel Smolko,554,0.8,524,0.9,-0.1,
35017,LPC,Karina Gould **,78126,11907,15.2,43593,55.8,31602,45.7,10.1,Karina Gould **,31686,40.6,25742,37.3,3.3,Emily Brown,1549,2.0,7507,10.9,-8.9,Michael Beauchemin,,,,,,,595,0.8,1368,2.0,-1.2,Kyle Hutton,523,0.7,2764,4.0,-3.3,Michael Bator,180,0.2,117,0.2,0.1,
35018,LPC,Adam Van Koeverden **,70441,5983,8.5,37155,52.7,26489,47.7,5.0,Adam Van Koeverden **,31172,44.3,20375,36.7,7.5,Nadeem Akbar,1507,2.1,5353,9.6,-7.5,Naveed Ahmed,,,,,,,,,1080,1.9,,,607,0.9,2211,4.0,-3.1,Charles Zach,,,,,,
35019,CPC,Connie Cody,65419,1457,2.2,30309,46.3,20604,38.2,8.1,Bryan May **,31766,48.6,18379,34.1,14.4,Connie Cody,2183,3.3,9207,17.1,-13.8,José de Lima,,,,,,,1052,1.6,1825,3.4,-1.8,Lux Burgess,,,3853,7.2,,,109,0.2,,,0.2,
35020,LPC,Bruce Fanjoy,86060,4513,5.2,43846,50.9,22447,31.5,19.5,Bruce Fanjoy,39333,45.7,37333,52.3,-6.6,Pierre Poilievre **,1221,1.4,8043,11.3,-9.9,Beth Prokaska,,,,,,,561,0.7,1547,2.2,-1.5,Mark Watson,,,1970,2.8,,,1099,1.3,7,,1.3,
35021,CPC,Dave Epp **,72351,15634,21.6,25978,35.9,17370,26.7,9.2,Keith Pickard,41612,57.5,27561,42.4,15.1,Dave Epp **,2943,4.1,9492,14.6,-10.5,Seamus McInnis Fleming,,,,,,,757,1.0,983,1.5,-0.5,James Plunkett,1061,1.5,9572,14.7,-13.3,Trevor Lee,,,,,,
35022,LPC,Julie Dzerowicz **,61174,21175,34.6,35364,57.8,23554,43.6,14.2,Julie Dzerowicz **,14189,23.2,5860,10.9,12.3,Francis Lavoie,10452,17.1,21352,39.5,-22.5,Sandra Sousa,,,,,,,782,1.3,1313,2.4,-1.2,Lilian Barrera,,,1759,3.3,,,387,0.6,163,0.3,0.3,
35023,LPC,Maggie Chi,48527,5276,10.9,25822,53.2,22037,52.9,0.3,Maggie Chi,20546,42.3,13491,32.4,10.0,Joe Tay,1191,2.5,4157,10.0,-7.5,Naila Saeed,,,,,,,448,0.9,749,1.8,-0.9,Andrew Armstrong,260,0.5,1227,2.9,-2.4,Ivan Milivojevic,260,0.5,4,,0.5,
35024,LPC,Rob Oliphant **,58664,17264,29.4,36744,62.6,29699,57.0,5.6,Rob Oliphant **,19480,33.2,15725,30.2,3.0,Robert Pierce,1382,2.4,4720,9.1,-6.7,Linnea Löfström-Abary,,,,,,,616,1.1,551,1.1,0.0,Sheena Sharp,,,1338,2.6,,,442,0.8,57,0.1,0.6,
35025,CPC,Kyle Seeback **,70595,17640,25.0,24818,35.2,16371,28.4,6.7,Malalai Halimi,42458,60.1,28295,49.2,11.0,Kyle Seeback **,1380,2.0,5968,10.4,-8.4,Viktor Karklins,,,,,,,927,1.3,2615,4.5,-3.2,Ifra Baig,752,1.1,4127,7.2,-6.1,Dympna Carolan,260,0.4,189,0.3,0.0,
35026,LPC,Vince Gasparro,60761,888,1.5,29949,49.3,23029,48.3,1.0,Vince Gasparro,29061,47.8,17393,36.5,11.3,Karen Stintz,996,1.6,4395,9.2,-7.6,Allison Tanzola,,,,,,,429,0.7,1442,3.0,-2.3,Wayne Chechuevskiy,326,0.5,1417,3.0,-2.4,Timothy Gleeson,,,,,,
35027,CPC,Andrew Lawton,64949,4555,7.0,28010,43.1,10751,19.6,23.5,David Goodwin,32565,50.1,26996,49.2,0.9,Andrew Lawton,3118,4.8,8886,16.2,-11.4,Paul Pighin,,,,,,,,,1217,2.2,,,1256,1.9,6700,12.2,-10.3,Stephen Campbell,,,291,0.5,,
35028,CPC,Chris Lewis **,80181,16734,20.9,29389,36.7,10608,15.4,21.2,Chris Sutton,46123,57.5,28167,41.0,16.6,Chris Lewis **,3826,4.8,21781,31.7,-26.9,Lori Wightman,,,,,,,,,849,1.2,,,843,1.1,7009,10.2,-9.1,Jason A. E. Henry,,,338,0.5,,
35029,LPC,Yvan Baker **,67510,6473,9.6,36186,53.6,28406,48.1,5.5,Yvan Baker **,29713,44.0,20199,34.2,9.8,Ted Opitz,1611,2.4,6344,10.7,-8.4,Ji Won Jung,,,,,,,,,188,0.3,,,,,3864,6.5,,,,,64,0.1,,
35031,LPC,John Zerucelli,42355,4911,11.6,22270,52.6,21494,58.9,-6.3,John Zerucelli,17359,41.0,9237,25.3,15.7,Natalie Weed,1354,3.2,3870,10.6,-7.4,Benjamin Abis,,,,,,,394,0.9,,,0.9,Sarun Balaranjan,846,2.0,1593,4.4,-2.4,Andy D'Andrea,132,0.3,292,0.8,-0.5,
35030,LPC,James Maloney **,65338,12164,18.6,37512,57.4,26115,47.1,10.3,James Maloney **,25348,38.8,18016,32.5,6.3,Bernard Trottier,1665,2.5,7475,13.5,-10.9,Cory Wagar,,,,,,,,,1175,2.1,,,616,0.9,2441,4.4,-3.5,Thomas Fanjoy,197,0.3,215,0.4,-0.1,
35032,CPC,Dan Muys **,66884,6331,9.5,28915,43.2,17173,32.3,10.9,Chuck Phillips,35246,52.7,23443,44.1,8.6,Dan Muys **,1630,2.4,7696,14.5,-12.0,Peter Werhun,,,,,,,594,0.9,1309,2.5,-1.6,Anita Payne,499,0.7,3497,6.6,-5.8,Nikita Mahood,,,48,0.1,,
35033,LPC,Dominique O'Rourke,66593,15936,23.9,36406,54.7,23788,41.2,13.4,Dominique O'Rourke,20470,30.7,13506,23.4,7.3,Gurvir Khaira,2129,3.2,12762,22.1,-18.9,Janice Folk-Dawson,,,,,,,6779,10.2,4544,7.9,2.3,Anne-Marie Zajdlik,498,0.7,2691,4.7,-3.9,Jeffrey Swackhammer,311,0.5,380,0.7,-0.2,
35034,CPC,Leslyn Lewis **,71606,15178,21.2,26040,36.4,17224,27.5,8.8,Colin Walsh,41218,57.6,29664,47.4,10.2,Leslyn Lewis **,2412,3.4,8320,13.3,-9.9,Shannon Horner-Shepherd,,,,,,,750,1.0,,,1.0,Nathan Hawkins,657,0.9,6570,10.5,-9.6,Henry Geissler,529,0.7,814,1.3,-0.6,
35035,CPC,Jamie Schmale **,75503,13478,17.9,29223,38.7,15829,23.9,14.8,Nell Thomas,42701,56.6,34470,52.0,4.6,Jamie Schmale **,2625,3.5,9415,14.2,-10.7,Alyea Teel,,,,,,,,,1627,2.5,,,954,1.3,4541,6.8,-5.6,Michael Penman,,,411,0.6,,
35036,LPC,Aslam Rana,56952,4309,7.6,21388,37.6,13252,26.6,11.0,Aslam Rana,17079,30.0,8209,16.5,13.5,Hayden Lawrence,16581,29.1,23494,47.1,-18.0,Matthew Green **,,,,,,,1033,1.8,1330,2.7,-0.9,Sandy Crawley,591,1.0,3269,6.6,-5.5,David Speicher,280,0.5,283,0.6,-0.1,
35037,CPC,Ned Kuruc,67468,1479,2.2,31378,46.5,21487,39.3,7.2,Chad Collins **,32857,48.7,16421,30.0,18.7,Ned Kuruc,2471,3.7,11762,21.5,-17.9,Nayla Mithani,,,,,,,,,1018,1.9,,,762,1.1,3970,7.3,-6.1,Jim Boutsikakis,,,,,,
35038,LPC,Lisa Hepfner **,59893,2445,4.1,27302,45.6,18239,34.6,11.0,Lisa Hepfner **,24857,41.5,13235,25.1,16.4,Ken Hewitt,7044,11.8,16592,31.5,-19.7,Monique Taylor,,,,,,,,,1046,2.0,,,497,0.8,3315,6.3,-5.5,Bing Wong,193,0.3,306,0.6,-0.3,
35039,LPC,John-Paul Danko,69464,13423,19.3,38970,56.1,28663,44.3,11.8,John-Paul Danko,25547,36.8,18849,29.1,7.7,Erika Alexander,3648,5.3,12735,19.7,-14.4,Roberto Henriquez,,,,,,,829,1.2,1681,2.6,-1.4,Georgia Beauchemin,307,0.4,2653,4.1,-3.7,Ava Sharavi,163,0.2,137,0.2,0.0,
35040,CPC,Shelby Kramp-Neuman **,66281,9260,14.0,26745,40.4,20031,34.4,5.9,Tracey Sweeney Schenk,36005,54.3,26596,45.7,8.6,Shelby Kramp-Neuman **,2351,3.5,6411,11.0,-7.5,Ava Duffy,,,,,,,803,1.2,1036,1.8,-0.6,Michael Holbrook,377,0.6,3302,5.7,-5.1,Zaid Yusufani,,,838,1.4,,
35041,LPC,Judy Sgro **,38398,7612,19.8,21357,55.6,19533,60.7,-5.1,Judy Sgro **,13745,35.8,5599,17.4,18.4,Bijay Paudel,2449,6.4,5279,16.4,-10.0,Matias de Dovitiis,,,,,,,,,388,1.2,,,621,1.6,1258,3.9,-2.3,Marek Jasinski,226,0.6,130,0.4,0.2,
35042,CPC,Ben Lobb **,69657,8091,11.6,28936,41.5,16015,26.2,15.4,James Rice,37027,53.2,31170,50.9,2.2,Ben Lobb **,2300,3.3,9056,14.8,-11.5,Melanie Burrett,,,,,,,927,1.3,,,1.3,Gregory J McLean,,,4437,7.3,,,467,0.7,519,0.8,-0.2,
35043,LPC,Jenna Sudds **,74460,18687,25.1,45244,60.8,27541,43.5,17.3,Jenna Sudds **,26557,35.7,23042,36.4,-0.7,Greg Kung,1702,2.3,9415,14.9,-12.6,Melissa Simon,,,,,,,835,1.1,1602,2.5,-1.4,Jennifer Purdy,,,1754,2.8,,,122,0.2,,,0.2,
35044,CPC,Gaétan Malette,47137,4696,10.0,18366,39.0,10731,26.4,12.6,Steve Black,23062,48.9,10189,25.0,23.9,Gaétan Malette,4895,10.4,14587,35.8,-25.4,Nicole Fortier Levesque,,,,,,,,,162,0.4,,,814,1.7,4993,12.3,-10.5,Serge Lefebvre,,,58,0.1,,
35045,CPC,Eric Melillo **,26892,3655,13.6,9454,35.2,4790,19.8,15.3,Charles Fox,13109,48.7,10471,43.4,5.4,Eric Melillo **,3698,13.8,6994,29.0,-15.2,Tania Cameron,,,,,,,286,1.1,338,1.4,-0.3,Jon Hobbs,204,0.8,1543,6.4,-5.6,Bryce Desjarlais,141,0.5,,,0.5,
35047,CPC,Anna Roberts **,67747,17330,25.6,24352,35.9,19272,42.8,-6.8,Mubarak Ahmed,41682,61.5,20264,45.0,16.5,Anna Roberts **,769,1.1,2970,6.6,-5.5,Samantha Sanchez,,,,,,,576,0.9,569,1.3,-0.4,Ann Raney,368,0.5,1973,4.4,-3.8,Vageesh Sabharwal,,,,,,
35046,LPC,Mark Gerretsen **,76993,25090,32.6,48682,63.2,29260,40.7,22.5,Mark Gerretsen **,23592,30.6,17617,24.5,6.1,Bryan Paterson,3648,4.7,20679,28.8,-24.1,Daria Juüdi-Hope,,,,,,,1071,1.4,1761,2.5,-1.1,Fintan Hartnett,,,2500,3.5,,,,,11,,,
35048,CPC,Kelly DeRidder,59084,375,0.6,17292,29.3,8906,17.3,11.9,Brian Adeba,20234,34.2,12772,24.9,9.4,Kelly DeRidder,1157,2.0,8985,17.5,-15.5,Heather Zaleski,,,,,,,19859,33.6,17113,33.3,0.3,Mike Morrice **,334,0.6,3423,6.7,-6.1,Wasai Rahimi,208,0.4,145,0.3,0.1,
35050,CPC,Matt Strauss,60431,1028,1.7,27945,46.2,18596,37.5,8.8,Valerie Bradford **,28973,47.9,17649,35.5,12.4,Matt Strauss,1823,3.0,8079,16.3,-13.3,Lorne Bruce,,,,,,,1208,2.0,1710,3.4,-1.4,Ethan Russell,386,0.6,3351,6.7,-6.1,Randall Williams,96,0.2,269,0.5,-0.4,
35049,LPC,Tim Louis **,62087,522,0.8,30001,48.3,20526,38.2,10.1,Tim Louis **,29479,47.5,20220,37.6,9.9,Doug Treleaven,1821,2.9,6415,11.9,-9.0,Maya Bozorgzad,,,,,,,,,2706,5.0,,,786,1.3,3883,7.2,-6.0,Kevin Dupuis,,,9,,,
35051,CPC,Scott Reid **,67813,3286,4.8,30900,45.6,15082,25.7,19.8,Michelle Foxton,34186,50.4,29165,49.8,0.6,Scott Reid **,1986,2.9,8924,15.2,-12.3,Danielle Rae,,,,,,,741,1.1,1576,2.7,-1.6,Jesse Pauley,,,3645,6.2,,,,,201,0.3,,
35052,CPC,Michael Barrett **,66811,3781,5.7,29656,44.4,14935,25.2,19.2,Lorna Jean Edmonds,33437,50.0,29950,50.5,-0.5,Michael Barrett **,2341,3.5,8863,15.0,-11.4,Paul Lancione,,,,,,,781,1.2,2134,3.6,-2.4,Randi Ramdeen,596,0.9,3394,5.7,-4.8,Hailey Simpson,,,,,,
35053,LPC,Peter Fragiskatos **,59923,15366,25.6,33999,56.7,21249,37.7,19.1,Peter Fragiskatos **,18633,31.1,13967,24.8,6.3,Stephen Gallant,5790,9.7,17136,30.4,-20.7,Dirka Prout,,,,,,,878,1.5,1103,2.0,-0.5,Mary Ann Hodge,523,0.9,2886,5.1,-4.2,David Annis,100,0.2,84,0.1,0.0,
35055,LPC,Arielle Kayabaga **,62808,12070,19.2,35309,56.2,20668,36.8,19.4,Arielle Kayabaga **,23239,37.0,19195,34.2,2.8,Adam Benni,3463,5.5,12850,22.9,-17.4,Shinade Allder,,,,,,,427,0.7,,,0.7,Jeff Vanderzwet,,,2825,5.0,,,370,0.6,615,1.1,-0.5,
35054,CPC,Kurt Holman,58523,5886,10.1,17863,30.5,11882,23.1,7.4,Najam Naqvi,23749,40.6,12486,24.3,16.3,Kurt Holman,16135,27.6,22336,43.4,-15.9,Lindsay Mathyssen **,,,,,,,,,,,,,776,1.3,4718,9.2,-7.8,Daniel Buta,,,,,,
35056,LPC,Helena Jaczek **,61644,3760,6.1,31658,51.4,25228,51.6,-0.2,Helena Jaczek **,27898,45.3,16920,34.6,10.6,Niran Jeyanesan,1121,1.8,4321,8.8,-7.0,Serena Cheung,,,,,,,433,0.7,973,2.0,-1.3,Myles O'Brien,393,0.6,1444,3.0,-2.3,René de Vries,141,0.2,,,0.2,
35057,LPC,Tim Hodgson,50429,6501,12.9,27504,54.5,27298,61.6,-7.1,Tim Hodgson,21003,41.6,11664,26.3,15.3,Lionel Loganathan,1022,2.0,3700,8.4,-6.3,Aftab Qureshi,,,,,,,,,883,2.0,,,747,1.5,761,1.7,-0.2,Mimi Lee,153,0.3,,,0.3,
35058,CPC,Michael Ma,53414,1922,3.6,25133,47.1,20167,48.2,-1.1,Peter Yuen,27055,50.7,17810,42.5,8.1,Michael Ma,723,1.4,2738,6.5,-5.2,Sameer Qureshi,,,,,,,503,0.9,1157,2.8,-1.8,Elvin Kao,,,,,,,,,,,,
35059,CPC,Lianne Rood **,69847,6693,9.6,29400,42.1,15579,27.0,15.0,Kent Keenan,36093,51.7,26451,45.9,5.8,Lianne Rood **,2888,4.1,9941,17.3,-13.1,Taylor McIntosh,,,,,,,698,1.0,1051,1.8,-0.8,Jim Johnston,577,0.8,4474,7.8,-6.9,Cynthia Workman,191,0.3,110,0.2,0.1,
35060,LPC,Kristina Tesser Derksen,66685,21,0,32178,48.3,21524,42.0,6.3,Kristina Tesser Derksen,32157,48.2,21060,41.1,7.2,Parm Gill,1029,1.5,4909,9.6,-8.0,Muhammad Riaz Sahi,,,,,,,672,1.0,1309,2.6,-1.5,Susan Doyle,475,0.7,2493,4.9,-4.1,Walter J. Hofman,174,0.3,,,0.3,
35061,LPC,Fares Al Soud,54976,6595,12.0,29605,53.9,24993,53.9,0.0,Fares Al Soud,23010,41.9,13387,28.8,13.0,Muhammad Ishaq,1502,2.7,5251,11.3,-8.6,Brandon Nguyen,,,,,,,,,752,1.6,,,602,1.1,1961,4.2,-3.1,Gurdeep Wolosz,257,0.5,62,0.1,0.3,
35062,LPC,Peter Fonseca **,54056,3026,5.6,27138,50.2,23146,50.2,0.0,Peter Fonseca **,24112,44.6,14572,31.6,13.0,Nita Kang,1508,2.8,4849,10.5,-7.7,Khawar Hussain,,,,,,,,,150,0.3,,,964,1.8,2973,6.5,-4.7,Amit Gupta,334,0.6,389,0.8,-0.2,
35063,LPC,Iqra Khalid **,60039,9448,15.7,33448,55.7,25077,51.2,4.5,Iqra Khalid **,24000,40.0,16406,33.5,6.5,Milad Mikael,1311,2.2,5051,10.3,-8.1,Ehab Mustapha,,,,,,,367,0.6,800,1.6,-1.0,Sulaiman Khan,734,1.2,1648,3.4,-2.1,Michael Bayer,179,0.3,,,0.3,
35064,LPC,Charles Sousa **,66797,5555,8.3,34971,52.4,25814,45.0,7.4,Charles Sousa **,29416,44.0,22145,38.6,5.4,Tom Ellard,1254,1.9,5605,9.8,-7.9,Evelyn Butler,,,,,,,587,0.9,1265,2.2,-1.3,Mary Kidnew,334,0.5,2444,4.3,-3.8,Fahad Rao,235,0.4,101,0.2,0.2,
35065,LPC,Iqwinder Singh Gaheer **,50268,5591,11.1,26793,53.3,22705,52.8,0.5,Iqwinder Singh Gaheer **,21202,42.2,13213,30.7,11.5,Jaspreet Sandhu,1290,2.6,5904,13.7,-11.2,Inderjeetsingh Ailsinghani,,,,,,,,,795,1.8,,,983,2.0,123,0.3,1.7,Nathan Quinlan,,,268,0.6,,
35066,LPC,Rechie Valdez **,60731,4056,6.7,31297,51.5,23405,47.3,4.2,Rechie Valdez **,27241,44.9,16993,34.4,10.5,Sue McFadden,1388,2.3,5971,12.1,-9.8,Bushra Asghar,,,,,,,439,0.7,1054,2.1,-1.4,Chris Hill,366,0.6,1840,3.7,-3.1,Logan Araujo,,,195,0.4,,
35067,LPC,Mark Carney,72237,22056,30.5,46073,63.8,27376,45.9,17.9,Mark Carney,24017,33.2,19874,33.3,0.0,Barbara Bal,1424,2.0,9671,16.2,-14.2,Shyam Shukla,,,,,,,462,0.6,1156,1.9,-1.3,Greg Hopkins,261,0.4,1629,2.7,-2.4,Eric Fleury,,,1,,,
35069,CPC,Scot Davidson **,66125,14803,22.4,24444,37.0,14987,30.4,6.6,Mike Hanrahan,39247,59.4,23491,47.6,11.7,Scot Davidson **,1226,1.9,6425,13.0,-11.2,Nancy Morrison,,,,,,,712,1.1,603,1.2,-0.1,Callum McKinnon,496,0.8,3694,7.5,-6.7,Paul Montague,,,141,0.3,,
35068,CPC,Sandra Cobena,62312,2241,3.6,29299,47.0,22081,43.7,3.3,Jennifer McLachlan,31540,50.6,19269,38.2,12.4,Sandra Cobena,1473,2.4,5832,11.6,-9.2,Anna Gollen,,,,,,,,,935,1.9,,,,,2114,4.2,,,,,241,0.5,,
35070,CPC,Tony Baldinelli **,60595,2575,4.2,27199,44.9,18951,35.2,9.7,Andrea Kaiser,29774,49.1,20126,37.4,11.7,Tony Baldinelli **,2335,3.9,9606,17.9,-14.0,Shannon Mitchell,,,,,,,518,0.9,1050,2.0,-1.1,Celia Taylor,481,0.8,4078,7.6,-6.8,Dinah Althorpe,288,0.5,,,0.5,
35071,CPC,Fred Davies,76763,2994,3.9,33708,43.9,21668,32.9,11.0,Vance Badawey **,36702,47.8,22004,33.4,14.4,Fred Davies,4307,5.6,15006,22.8,-17.2,Chantal McCollum,,,,,,,683,0.9,1249,1.9,-1.0,Natashia Bergen,1147,1.5,5889,8.9,-7.5,Peter Taras,216,0.3,,,0.3,
35072,CPC,Dean Allison **,70413,5994,8.5,30424,43.2,19386,31.0,12.2,Jennifer Korstanje,36418,51.7,27489,44.0,7.7,Dean Allison **,2262,3.2,8739,14.0,-10.8,Justin Abando,,,,,,,,,1750,2.8,,,582,0.8,4426,7.1,-6.3,Ryan Anderson,727,1.0,657,1.1,0.0,
35073,LPC,Pauline Rochefort,58576,1553,2.7,27674,47.2,19019,36.8,10.5,Pauline Rochefort,26121,44.6,16508,31.9,12.7,Garry Keller,3548,6.1,12088,23.4,-17.3,Valerie Kennedy,,,,,,,585,1.0,,,1.0,Louise Poitras,648,1.1,4112,7.9,-6.8,John Janssen,,,,,,
35074,CPC,Philip Lawrence **,71192,2214,3.1,32648,45.9,21265,34.0,11.8,John Goheen,34862,49.0,27480,44.0,5.0,Philip Lawrence **,2090,2.9,8720,14.0,-11.0,Ava Becker,,,,,,,630,0.9,1611,2.6,-1.7,Christina Marie Wilson,521,0.7,3428,5.5,-4.8,Lisa Bradburn,441,0.6,,,0.6,
35075,LPC,Anita Anand **,60872,3827,6.3,31128,51.1,22619,46.2,5.0,Anita Anand **,27301,44.8,19344,39.5,5.4,Ron Chhinzer,1698,2.8,4609,9.4,-6.6,Hailey Ford,,,,,,,351,0.6,802,1.6,-1.1,Bruno Sousa,335,0.6,1636,3.3,-2.8,Henry Karabela,59,0.1,,,0.1,
35076,LPC,Sima Acan,60043,5204,8.7,31872,53.1,23752,47.6,5.5,Sima Acan,26668,44.4,19150,38.4,6.0,Tim Crowder,831,1.4,4326,8.7,-7.3,Diane Downey,,,,,,,363,0.6,858,1.7,-1.1,Chris Kowalchuk,254,0.4,1792,3.6,-3.2,JD Meaney,55,0.1,,,0.1,
35077,LPC,Marie-France Lalonde **,78803,31074,39.4,53146,67.4,35750,52.5,15.0,Marie-France Lalonde **,22072,28.0,19450,28.5,-0.5,Steve Mansour,2063,2.6,9872,14.5,-11.9,Oulai B. Goué,,,,,,,652,0.8,1103,1.6,-0.8,Jaycob Jacques,331,0.4,1791,2.6,-2.2,Tafiqul Abu Mohammad,539,0.7,194,0.3,0.4,
35078,CPC,Rhonda Kirkland,66700,3478,5.2,28653,43.0,13044,23.1,19.8,Isaac Ransom,32131,48.2,22409,39.7,8.5,Rhonda Kirkland,5112,7.7,16079,28.5,-20.8,Sara Labelle,,,,,,,804,1.2,864,1.5,-0.3,Katherine Mathewson,,,4029,7.1,,,,,,,,
35079,LPC,Yasir Naqvi **,81338,35091,43.1,51026,62.7,33481,45.1,17.6,Yasir Naqvi **,12692,15.6,12102,16.3,-0.7,Paul D'Orsonnens,15935,19.6,24393,32.8,-13.3,Joel Harden,,,,,,,916,1.1,2077,2.8,-1.7,Amanda Rosenstock,,,1661,2.2,,,769,0.9,547,0.7,0.2,
35080,LPC,David McGuinty **,66564,25378,38.1,43388,65.2,29365,49.7,15.5,David McGuinty **,18010,27.1,15888,26.9,0.2,Blair Turner,4017,6.0,10644,18.0,-12.0,Hena Masjedee,,,,,,,642,1.0,1290,2.2,-1.2,Nira Dookeran,,,1825,3.1,,,507,0.8,118,0.2,0.6,
35082,LPC,Anita Vandenbeld **,68445,25038,36.6,43555,63.6,29197,45.5,18.1,Anita Vandenbeld **,18517,27.1,17742,27.6,-0.6,Ryan Telford,4847,7.1,12925,20.1,-13.1,Josh Bizjak,,,,,,,780,1.1,1855,2.9,-1.8,Prashanta Dhakal,514,0.8,2054,3.2,-2.5,Glen Armstrong,232,0.3,395,0.6,-0.3,
35081,LPC,Mona Fortier **,68183,31301,45.9,45934,67.4,30608,49.0,18.4,Mona Fortier **,14633,21.5,12883,20.6,0.8,Dean Wythe,5164,7.6,14507,23.2,-15.6,Tristan Oliff,,,,,,,1345,2.0,1902,3.0,-1.1,Christian Proulx,349,0.5,1990,3.2,-2.7,Marty Simms,758,1.1,600,1.0,0.2,
35083,CPC,Arpan Khanna **,71551,10880,15.2,27311,38.2,12475,20.7,17.5,David Hilderley,38191,53.4,28203,46.8,6.6,Arpan Khanna **,3046,4.3,11124,18.4,-14.2,Matthew Chambers,,,,,,,897,1.3,1628,2.7,-1.4,Cheryle Baker,642,0.9,6423,10.6,-9.8,Steven Beausoleil,1464,2.0,457,0.8,1.3,
35084,CPC,Scott Aitchison **,64653,6179,9.6,27563,42.6,11981,21.6,21.0,Geordie Sabbagh,33742,52.2,26576,48.0,4.2,Scott Aitchison **,2300,3.6,9315,16.8,-13.3,Heather Hay,,,,,,,,,3096,5.6,,,1048,1.6,4178,7.5,-5.9,Isabel Pereira,,,262,0.5,,
35085,CPC,John Nater **,64092,7830,12.2,26142,40.8,13686,24.6,16.2,David Mackey,33972,53.0,26989,48.6,4.5,John Nater **,2909,4.5,9554,17.2,-12.6,Kevin Kruchkywich,,,,,,,,,,,,,1069,1.7,5358,9.6,-8.0,Wayne Baker,,,,,,
35086,LPC,Emma Harrison,79059,10444,13.2,42890,54.3,25014,34.8,19.4,Emma Harrison,32446,41.0,28149,39.2,1.9,Michelle Ferreri **,2406,3.0,13783,19.2,-16.1,Heather Ray,,,,,,,655,0.8,1598,2.2,-1.4,Jazmine Raine,272,0.3,3090,4.3,-4.0,Jami-Leigh McMaster,390,0.5,203,0.3,0.2,
35087,LPC,Juanita Nathan,71232,9258,13.0,38578,54.2,27051,48.3,5.9,Juanita Nathan,29320,41.2,19137,34.2,7.0,Alicia Vianga,1838,2.6,7545,13.5,-10.9,Jamie Nye,,,,,,,535,0.8,138,0.2,0.5,Andrea Wood,639,0.9,2151,3.8,-2.9,Lisa Robinson,322,0.5,,,0.5,
35088,LPC,Giovanna Mingarelli,71393,10305,14.4,39110,54.8,29273,47.3,7.5,Giovanna Mingarelli,28805,40.3,20021,32.4,8.0,Julie Séguin,1730,2.4,6681,10.8,-8.4,Ryder Finlay,,,,,,,787,1.1,1257,2.0,-0.9,Thaila Riden,725,1.0,3962,6.4,-5.4,Deborah Perrier,236,0.3,691,1.1,-0.8,
35089,CPC,Vincent Ho,58584,4606,7.9,26009,44.4,23632,47.9,-3.5,Majid Jowhari **,30615,52.3,19125,38.8,13.5,Vincent Ho,1054,1.8,4294,8.7,-6.9,Ebrahim Astaraki,,,,,,,495,0.8,,,0.8,Alison Lam,244,0.4,1449,2.9,-2.5,Joshua Sideris,167,0.3,852,1.7,-1.4,
35090,CPC,Marilyn Gladu **,76389,11657,15.3,28940,37.9,13360,19.4,18.5,George Vandenberg,40597,53.1,32140,46.7,6.4,Marilyn Gladu **,4088,5.4,14250,20.7,-15.4,Lo-Anne Chan,,,,,,,,,1027,1.5,,,1136,1.5,7595,11.0,-9.6,Brian Everaert,1628,2.1,435,0.6,1.5,
35091,LPC,Terry Sheehan **,65317,1728,2.6,30936,47.4,18591,32.3,15.0,Terry Sheehan **,29208,44.7,20553,35.8,9.0,Hugh Stevenson,4327,6.6,14804,25.8,-19.1,Laura Mayer,,,,,,,541,0.8,365,0.6,0.2,Robyn Kiki Eshkibok,,,3007,5.2,,,305,0.5,157,0.3,0.2,
35093,LPC,Salma Zahid **,48088,9250,19.2,27557,57.3,22893,56.1,1.2,Salma Zahid **,18307,38.1,10324,25.3,12.8,Belent Mathew,1565,3.3,5680,13.9,-10.7,Alyson Koa,,,,,,,,,,,,,659,1.4,1746,4.3,-2.9,Peter Koubakis,,,149,0.4,,
35095,LPC,Shaun Chen **,46732,13931,29.8,29418,63.0,26854,67.0,-4.1,Shaun Chen **,15487,33.1,7232,18.1,15.1,Gurmit Sandhu,1827,3.9,4644,11.6,-7.7,Karishma Manji,,,,,,,,,,,,,,,973,2.4,,,,,361,0.9,,
35096,LPC,Bill Blair **,54476,16843,30.9,33495,61.5,27314,58.0,3.5,Bill Blair **,16652,30.6,9655,20.5,10.1,Asm Tarun,2730,5.0,7555,16.0,-11.0,Fatima Shaban,,,,,,,754,1.4,1067,2.3,-0.9,Amanda Cain,567,1.0,1354,2.9,-1.8,Michael Poulin,278,0.5,158,0.3,0.2,
35092,LPC,Jean Yip **,50733,5820,11.5,27552,54.3,24267,56.2,-1.9,Jean Yip **,21732,42.8,12589,29.2,13.7,Aris Movsessian,1449,2.9,4353,10.1,-7.2,Dan Lovell,,,,,,,,,745,1.7,,,,,1214,2.8,,,,,,,,
35094,LPC,Gary Anandasangaree **,55185,17810,32.3,35295,64.0,30748,61.1,2.8,Gary Anandasangaree **,17485,31.7,11163,22.2,9.5,Suchita Jalan,1772,3.2,6716,13.4,-10.1,Kingsley Kwok,,,,,,,633,1.1,1,,1.1,Troy Rife,,,1520,3.0,,,,,152,0.3,,
35097,LPC,Michael Coteau **,41868,10990,26.2,25281,60.4,23725,60.5,-0.2,Michael Coteau **,14291,34.1,8781,22.4,11.7,Reddy Muttukuru,1466,3.5,5137,13.1,-9.6,George Wedge,,,,,,,499,1.2,,,1.2,Gianne Broughton,,,1203,3.1,,,331,0.8,343,0.9,-0.1,
35099,CPC,Adam Chambers **,66605,2474,3.7,29767,44.7,17993,30.9,13.8,Ryan Rocca,32241,48.4,24552,42.1,6.3,Adam Chambers **,2508,3.8,9321,16.0,-12.2,Melissa Lloyd,,,,,,,1260,1.9,1781,3.1,-1.2,Ray Little,638,1.0,4466,7.7,-6.7,Stephen Toivo Makk,191,0.3,188,0.3,0.0,
35098,CPC,Terry Dowdall **,67907,5909,8.7,29455,43.4,15823,27.9,15.5,Bren Munro,35364,52.1,26909,47.4,4.7,Terry Dowdall **,1574,2.3,7470,13.2,-10.8,Jasleen Bains,,,,,,,991,1.5,2366,4.2,-2.7,Allan Kuhn,523,0.8,3932,6.9,-6.2,Giorgio Mammoliti,,,241,0.4,,
35100,LPC,Chi Nguyen,52990,15546,29.3,31832,60.1,12872,37.4,22.7,Chi Nguyen,16286,30.7,7602,22.1,8.6,Diana Filipova,4107,7.8,11782,34.2,-26.5,Norm Di Pasquale,,,,,,,448,0.8,1114,3.2,-2.4,Gordon Rand,193,0.4,1039,3.0,-2.7,Gilbert Joseph Jubinville,124,0.2,,,0.2,
35101,LPC,Chris Bittle **,66810,7737,11.6,34750,52.0,23106,37.9,14.1,Chris Bittle **,27013,40.4,19739,32.4,8.1,Bas Sluijmers,4021,6.0,12963,21.3,-15.2,Karen Orlandi,,,,,,,,,1137,1.9,,,522,0.8,4018,6.6,-5.8,Dennis Wilson,504,0.8,,,0.8,
35102,CPC,Eric Duncan **,66407,10992,16.6,26407,39.8,14390,24.7,15.1,Sarah Good,37399,56.3,31730,54.4,1.9,Eric Duncan **,1653,2.5,6334,10.9,-8.4,Mario Leclerc,,,,,,,674,1.0,1349,2.3,-1.3,Gordon Kubanek,,,4472,7.7,,,274,0.4,48,0.1,0.3,
35103,LPC,Viviane Lapointe **,60839,7716,12.7,31551,51.9,19404,35.1,16.8,Viviane Lapointe **,23835,39.2,15380,27.8,11.4,Ian Symington,4680,7.7,15999,28.9,-21.2,Nadia Verrelli,,,,,,,,,1098,2.0,,,773,1.3,3358,6.1,-4.8,Nicholas Bonderoff,,,109,0.2,,
35104,CPC,Jim Belanger,60323,4081,6.8,25075,41.6,16405,31.9,9.7,Marc G. Serré **,29156,48.3,13873,27.0,21.4,Jim Belanger,4822,8.0,15608,30.3,-22.3,Andréane Chénier,,,,,,,465,0.8,888,1.7,-1.0,Himal Hossain,489,0.8,4612,9.0,-8.2,Sharilynne St. Louis,316,0.5,76,0.1,0.4,
35105,LPC,Karim Bardeesy,65313,21436,32.8,36439,55.8,24297,42.7,13.1,Karim Bardeesy,12662,19.4,7554,13.3,6.1,Wladyslaw Lizon,15003,23.0,21902,38.5,-15.5,Bhutila Karpoche,,,,,,,700,1.1,1073,1.9,-0.8,Anna Gorka,,,1821,3.2,,,509,0.8,220,0.4,0.4,
35106,CPC,Melissa Lantsman **,66918,23546,35.2,20873,31.2,18678,35.9,-4.7,Liane Kotler,44419,66.4,26939,51.8,14.5,Melissa Lantsman **,833,1.2,3110,6.0,-4.7,William McCarty,,,,,,,353,0.5,859,1.7,-1.1,Dominic Piotrowski,440,0.7,2391,4.6,-3.9,Amir Hart,,,,,,
35107,LPC,Marcus Powlowski **,43531,2440,5.6,21125,48.5,13635,34.3,14.3,Marcus Powlowski **,18685,42.9,11657,29.3,13.6,Brendan Hyatt,2954,6.8,11324,28.5,-21.7,Yuk-Sem Won,,,,,,,334,0.8,570,1.4,-0.7,Eric Arner,433,1.0,2614,6.6,-5.6,Sabrina Ree,,,,,,
35108,LPC,Patty Hajdu **,45512,8867,19.5,25134,55.2,17097,40.4,14.8,Patty Hajdu **,16267,35.7,10082,23.8,11.9,Bob Herman,3235,7.1,11755,27.8,-20.7,Joy Wakefield,,,,,,,417,0.9,750,1.8,-0.9,John Malcolm Northey,459,1.0,2492,5.9,-4.9,Amos Bradley,,,110,0.3,,
35109,LPC,Evan Solomon,58922,25586,43.4,37907,64.3,24240,50.1,14.3,Evan Solomon,12321,20.9,6129,12.7,8.2,Luis Ibarra,7358,12.5,12742,26.3,-13.8,Samantha Green,,,,,,,664,1.1,3874,8.0,-6.9,Olivia Iheme,235,0.4,1138,2.4,-2.0,Nathen Mazri,437,0.7,283,0.6,0.2,
35110,LPC,Julie Dabrusin **,58881,28004,47.6,39191,66.6,25223,48.4,18.2,Julie Dabrusin **,11187,19.0,6550,12.6,6.4,Ashik Hussain,7626,13.0,17561,33.7,-20.7,Clare Hacksel,,,,,,,626,1.1,1024,2.0,-0.9,Silvia Stardust,,,1283,2.5,,,251,0.4,521,1.0,-0.6,
35111,LPC,Leslie Church,71581,20613,28.8,44313,61.9,29386,49.6,12.3,Leslie Church,23700,33.1,15886,26.8,6.3,Don Stewart **,2496,3.5,9215,15.6,-12.1,Bruce Levy,,,,,,,552,0.8,3300,5.6,-4.8,Shane Philips,329,0.5,1447,2.4,-2.0,Joseph Frasca,191,0.3,7,,0.3,
35112,LPC,Chrystia Freeland **,62265,25223,40.5,39847,64.0,24281,46.6,17.4,Chrystia Freeland **,14624,23.5,9320,17.9,5.6,Liz Grade,6168,9.9,14564,28.0,-18.0,Serena Purdy,,,,,,,1066,1.7,2334,4.5,-2.8,Ignacio Mongrell,,,1355,2.6,,,560,0.9,253,0.5,0.4,
35113,CPC,Michael Guglielmin,67355,14805,22.0,25617,38.0,23547,46.3,-8.2,Francesco Sorbara **,40422,60.0,20419,40.1,19.9,Michael Guglielmin,891,1.3,3529,6.9,-5.6,Ali Bahman,,,,,,,,,489,1.0,,,425,0.6,2737,5.4,-4.7,Roman Yevseyev,,,159,0.3,,
35114,LPC,Bardish Chagger **,63193,17008,26.9,37579,59.5,25816,45.5,13.9,Bardish Chagger **,20571,32.6,15521,27.4,5.2,Waseem Botros,2617,4.1,10846,19.1,-15.0,Héline Chow,,,,,,,1599,2.5,1934,3.4,-0.9,Simon Guthrie,348,0.6,2567,4.5,-4.0,Douglas Ross,479,0.8,,,0.8,
35115,CPC,Michael Chong **,66646,4127,6.2,29609,44.4,17143,30.4,14.1,Sean Carscadden,33736,50.6,26450,46.8,3.8,Michael Chong **,1346,2.0,6677,11.8,-9.8,Andrew Bascombe,,,,,,,1389,2.1,2653,4.7,-2.6,Liam Stiles,566,0.8,3482,6.2,-5.3,Syl Carle,,,69,0.1,,
35116,LPC,Ryan Turnbull **,67594,6004,8.9,35624,52.7,23285,45.1,7.6,Ryan Turnbull **,29620,43.8,17742,34.4,9.4,Steve Yamada,1638,2.4,7459,14.5,-12.0,Kevin Goswell,,,,,,,506,0.7,834,1.6,-0.9,Andrew Di Lullo,,,2276,4.4,,,206,0.3,,,0.3,
35117,LPC,Ali Ehsassi **,47689,4511,9.5,25488,53.4,21043,51.2,2.3,Ali Ehsassi **,20977,44.0,13916,33.9,10.1,James Lin,1224,2.6,4231,10.3,-7.7,Christy Kheirallah,,,,,,,,,812,2.0,,,,,1102,2.7,,,,,,,,
35119,CPC,Harb Gill,54888,4426,8.1,16986,30.9,13524,27.8,3.2,Richard Pollock,21412,39.0,9415,19.3,19.7,Harb Gill,15256,27.8,21541,44.2,-16.4,Brian Masse **,,,,,,,397,0.7,,,0.7,Louay Ahmad,553,1.0,4060,8.3,-7.3,Jacob Bezaire,284,0.5,153,0.3,0.2,
35118,CPC,Kathy Borrelli,70138,4,0,32086,45.7,18966,31.0,14.7,Irek Kusmierczyk **,32090,45.8,16477,26.9,18.8,Kathy Borrelli,4240,6.0,18508,30.3,-24.2,Alex Ilijoski,,,,,,,468,0.7,739,1.2,-0.5,Roxanne Tellier,828,1.2,6297,10.3,-9.1,Nick Babic,426,0.6,180,0.3,0.3,
35120,CPC,Roman Baber,47619,5792,12.2,20318,42.7,17430,47.3,-4.6,Ya'ara Saks **,26110,54.8,13949,37.8,17.0,Roman Baber,1191,2.5,3753,10.2,-7.7,Yusuf Ulukanligil,,,,,,,,,,,,,,,1726,4.7,,,,,,,,
35122,LPC,Ahmed Hussen **,44599,6917,15.5,24663,55.3,21541,55.7,-0.4,Ahmed Hussen **,17746,39.8,8666,22.4,17.4,Nicolas Pham,2190,4.9,5786,15.0,-10.1,Louise James,,,,,,,,,736,1.9,,,,,1919,5.0,,,,,3,,,
35121,CPC,Jacob Mantle,72582,11603,16.0,28726,39.6,16667,28.2,11.3,Robert Grossi,40329,55.6,30709,52.0,3.5,Jacob Mantle,1829,2.5,7401,12.5,-10.0,Justin Graham,,,,,,,797,1.1,332,0.6,0.5,Matt Pearce,901,1.2,3760,6.4,-5.1,Patricia Conlin,,,153,0.3,,
46001,CPC,Grant Jackson,46027,17858,38.8,10766,23.4,4734,11.9,11.5,Ghazanfar Ali Tarar,28624,62.2,23693,59.6,2.6,Grant Jackson,6637,14.4,8023,20.2,-5.8,Quentin Robinson,,,,,,,,,8,,,,,,3292,8.3,,,,,18,,,
46002,LPC,Rebecca Chartrand,20469,3433,16.8,9313,45.5,4520,25.1,20.4,Rebecca Chartrand,4927,24.1,4402,24.4,-0.4,Lachlan De Nardi,5880,28.7,7634,42.4,-13.6,Niki Ashton **,,,,,,,,,553,3.1,,,349,1.7,906,5.0,-3.3,Dylan Young,,,,,,
46003,CPC,Colin Reynolds,46830,3325,7.1,10512,22.4,6141,14.9,7.6,Ian MacIntyre,19463,41.6,11818,28.7,12.9,Colin Reynolds,16138,34.5,20156,48.9,-14.4,Leila Dance **,,,,,,,321,0.7,664,1.6,-0.9,Nicolas Geddert,396,0.8,2458,6.0,-5.1,Collin Watson,,,6,,,
46004,CPC,Raquel Dancho **,55521,1556,2.8,24808,44.7,13671,28.0,16.7,Thomas Naaykens,26364,47.5,20719,42.4,5.1,Raquel Dancho **,3863,7.0,11638,23.8,-16.9,Emily Clark,,,,,,,,,137,0.3,,,486,0.9,2627,5.4,-4.5,Erik Holmes,,,53,0.1,,
46005,CPC,Branden Leslie **,45965,21396,46.5,10493,22.8,4708,10.9,11.9,Robert Kreis,31889,69.4,22435,52.2,17.2,Branden Leslie **,2011,4.4,5778,13.4,-9.1,Lisa Tessier,,,,,,,595,1.3,,,1.3,Janine G. Gibson,977,2.1,9416,21.9,-19.8,Kevin Larson,,,681,1.6,,
46006,CPC,Ted Falk **,51803,20970,40.5,13394,25.9,7427,16.5,9.4,Trevor Kirczenow,34364,66.3,21748,48.3,18.0,Ted Falk **,2398,4.6,5497,12.2,-7.6,Brandy Schmidt,,,,,,,705,1.4,1152,2.6,-1.2,Blair Mahaffy,942,1.8,7884,17.5,-15.7,Noël Gautron,,,1307,2.9,,
46007,CPC,Dan Mazier **,41873,19128,45.7,9281,22.2,4999,12.8,9.4,Terry Hayward,28409,67.8,23131,59.2,8.7,Dan Mazier **,3072,7.3,5672,14.5,-7.2,Andrew Douglas Maxwell,,,,,,,547,1.3,824,2.1,-0.8,Liz Clayton,564,1.3,4111,10.5,-9.2,Jim Oliver,,,350,0.9,,
46009,CPC,James Bezan **,54479,16218,29.8,16570,30.4,6478,13.2,17.2,Rhonda Nichol,32788,60.2,27854,56.9,3.2,James Bezan **,3535,6.5,9513,19.5,-13.0,Josef Estabrooks,,,,,,,709,1.3,1318,2.7,-1.4,Wayne James,473,0.9,3747,7.7,-6.8,Byron Gryba,404,0.7,,,0.7,
46008,LPC,Ginette Lavack,54520,14974,27.5,32599,59.8,20991,43.9,15.9,Ginette Lavack,17625,32.3,13552,28.3,4.0,Shola Agboola,3773,6.9,10133,21.2,-14.3,Thomas Linner,,,,,,,,,719,1.5,,,523,1.0,2065,4.3,-3.4,Gilles Pelletier,,,391,0.8,,
46010,NDP,Leah Gazan **,34289,1386,4.0,12138,35.4,9155,28.9,6.5,Rahul Walia,7658,22.3,4043,12.8,9.6,Tom Bambrick,13524,39.4,15761,49.7,-10.3,Leah Gazan **,,,,,,,389,1.1,760,2.4,-1.3,Gary Gervais,367,1.1,1357,4.3,-3.2,Donald Grant,213,0.6,611,1.9,-1.3,
46011,LPC,Kevin Lamoureux **,34173,8052,23.6,19792,57.9,16067,53.5,4.4,Kevin Lamoureux **,11740,34.4,4054,13.5,20.9,Rachel Punzalan,2059,6.0,8282,27.6,-21.5,Adebayo Akinrogunde,,,,,,,194,0.6,362,1.2,-0.6,Angela Brydges,274,0.8,1204,4.0,-3.2,Jessica Bailon,114,0.3,79,0.3,0.1,
46013,LPC,Ben Carr **,53178,19086,35.9,33834,63.6,22370,45.3,18.3,Ben Carr **,14748,27.7,13821,28.0,-0.3,Royden Brousseau,3463,6.5,10228,20.7,-14.2,Jorge Requena Ramos,,,,,,,450,0.8,1310,2.7,-1.8,Chris Petriew,272,0.5,1390,2.8,-2.3,Jaclyn Cummings,411,0.8,229,0.5,0.3,
46012,LPC,Terry Duguid **,46319,11085,23.9,27337,59.0,19303,48.3,10.8,Terry Duguid **,16252,35.1,13006,32.5,2.6,Janice Morley-Lecomte,2114,4.6,5749,14.4,-9.8,Joanne Bjornson,,,,,,,231,0.5,595,1.5,-1.0,Manjit Kaur,385,0.8,1342,3.4,-2.5,Johann Rempel Fehr,,,,,,
46014,LPC,Doug Eyolfson,55591,7617,13.7,30276,54.5,19611,39.1,15.4,Doug Eyolfson,22659,40.8,20394,40.7,0.1,Marty Morantz **,2218,4.0,7410,14.8,-10.8,Avery Selby-Lyons,,,,,,,438,0.8,1029,2.1,-1.3,Dennis Bayomi,,,1712,3.4,,,,,5,,,
47001,CPC,Rosemarie Falk **,37787,21561,57.1,7073,18.7,2595,7.4,11.3,Larry Ingram,28634,75.8,23212,66.3,9.5,Rosemarie Falk **,1816,4.8,4921,14.0,-9.2,William Petryk,,,,,,,,,279,0.8,,,,,2115,6.0,,,264,0.7,1904,5.4,-4.7,
47002,CPC,Kelly Block **,47051,28419,60.4,8008,17.0,2293,5.4,11.6,Katelyn Zimmer,36427,77.4,28724,68.1,9.3,Kelly Block **,2616,5.6,5876,13.9,-8.4,Cheryl Loadman,,,,,,,,,389,0.9,,,,,3923,9.3,,,,,961,2.3,,
47003,LPC,Buckley Belanger,9027,3575,39.6,5876,65.1,3350,41.7,23.4,Buckley Belanger,2301,25.5,2181,27.1,-1.6,Jim Lemaigre,850,9.4,1973,24.5,-15.1,Doug Racine,,,,,,,,,95,1.2,,,,,274,3.4,,,,,166,2.1,,
47004,CPC,Fraser Tolmie **,45879,25330,55.2,7661,16.7,2577,6.1,10.6,Tabitha Mukamusoni,32991,71.9,25909,60.9,11.0,Fraser Tolmie **,3458,7.5,8086,19.0,-11.5,Britt Baumann,,,,,,,411,0.9,435,1.0,-0.1,Mike Gardiner,1358,3.0,4803,11.3,-8.3,Chey Craik,,,729,1.7,,
47005,CPC,Randy Hoback **,38844,20312,52.3,7451,19.2,4294,11.9,7.3,Christopher Hadubiak,27763,71.5,23080,63.8,7.6,Randy Hoback **,3630,9.3,5497,15.2,-5.9,Virginia Kutzan,,,,,,,,,403,1.1,,,,,2487,6.9,,,,,398,1.1,,
47006,CPC,Warren Steinley **,43969,3095,7.0,18893,43.0,5726,14.3,28.7,Mac Hird,21988,50.0,18519,46.2,3.8,Warren Steinley **,2573,5.9,13919,34.7,-28.9,Ray Aldinger,,,,,,,272,0.6,498,1.2,-0.6,Michael Wright,243,0.6,1401,3.5,-2.9,Godwin Ezizor,,,,,,
47007,CPC,Andrew Scheer **,42244,15633,37.0,11391,27.0,3909,10.2,16.7,Rahima Mian,27024,64.0,22942,60.1,3.8,Andrew Scheer **,3388,8.0,8690,22.8,-14.8,Chris Simmie,,,,,,,,,720,1.9,,,441,1.0,1886,4.9,-3.9,Dionne Fehler,,,6,,,
47008,CPC,Michael Kram **,44077,2820,6.4,19252,43.7,10384,26.9,16.8,Jeffrey Walters,22072,50.1,19258,49.9,0.2,Michael Kram **,2138,4.9,6978,18.1,-13.2,Kaitlyn Stadnyk,,,,,,,289,0.7,623,1.6,-1.0,Kimberly Epp,326,0.7,1353,3.5,-2.8,Peter Bruce,,,1,,,
47009,CPC,Kevin Waugh **,49756,4409,8.9,20107,40.4,6244,14.4,26.0,Rokhan Sarwar,24516,49.3,21244,49.1,0.2,Kevin Waugh **,4515,9.1,13324,30.8,-21.7,Jacob Gadzella,,,,,,,310,0.6,534,1.2,-0.6,Hamish Graham,308,0.6,1945,4.5,-3.9,Richard Brent Wintringham,,,,,,
47011,CPC,Brad Redekopp **,37631,9560,25.4,10254,27.2,2778,8.2,19.1,Chad Eggerman,19814,52.7,15383,45.4,7.3,Brad Redekopp **,7187,19.1,13329,39.3,-20.2,Rachel Loewen Walker,,,,,,,376,1.0,357,1.1,-0.1,Naomi Hunter,,,2064,6.1,,,,,,,,
47010,CPC,Corey Tochor **,47425,3556,7.5,19622,41.4,4643,10.9,30.5,Greg Poelzer,23178,48.9,20487,48.0,0.9,Corey Tochor **,4035,8.5,15104,35.4,-26.8,Melissa McGillivray,,,,,,,263,0.6,407,1.0,-0.4,Isaiah Hunter,327,0.7,1785,4.2,-3.5,Jaxson Boot,,,295,0.7,,
47012,CPC,Steven Bonk,41428,30742,74.2,4051,9.8,1768,4.2,5.6,Aziz Mian,34793,84.0,31908,76.0,8.0,Steven Bonk,1888,4.6,3390,8.1,-3.5,Sheena Muirhead Koops,,,,,,,235,0.6,27,0.1,0.5,Remi Rheault,,,3864,9.2,,,461,1.1,1053,2.5,-1.4,
47013,CPC,Jeremy Patzer **,39388,27872,70.8,4420,11.2,1565,4.1,7.1,William Caton,32292,82.0,27684,72.5,9.5,Jeremy Patzer **,2250,5.7,3921,10.3,-4.6,Alex McPhee,,,,,,,,,327,0.9,,,,,2886,7.6,,,426,1.1,1811,4.7,-3.7,
47014,CPC,Cathay Wagantall **,37013,23364,63.1,5338,14.4,2290,6.3,8.1,Luke Guimond,28702,77.5,24857,68.7,8.8,Cathay Wagantall **,2034,5.5,4400,12.2,-6.7,Michaela Krakowetz,,,,,,,713,1.9,622,1.7,0.2,Valerie Brooks,,,3337,9.2,,,226,0.6,678,1.9,-1.3,
48001,CPC,Blake Richards **,70560,33538,47.5,16714,23.7,5635,10.0,13.7,Sean Secord,50252,71.2,33975,60.2,11.1,Blake Richards **,2591,3.7,8381,14.8,-11.2,Sarah Zagoda,,,,,,,,,692,1.2,,,,,4687,8.3,,,1003,1.4,3110,5.5,-4.1,
48002,CPC,Damien Kurek **,64807,46118,71.2,7566,11.7,2535,4.3,7.4,Brent Sutton,53684,82.8,42577,71.4,11.4,Damien Kurek **,2061,3.2,5778,9.7,-6.5,James MacKay,,,,,,,474,0.7,545,0.9,-0.2,Douglas Gook,1022,1.6,5553,9.3,-7.7,Jonathan Bridges,,,2642,4.4,,
48003,CPC,David Bexte,56554,35043,62.0,9562,16.9,3776,7.9,9.0,Bentley Barnes,44605,78.9,33329,69.6,9.3,David Bexte,1689,3.0,4488,9.4,-6.4,Louisa Gwin,,,,,,,,,2,,,,,,4715,9.8,,,698,1.2,1606,3.4,-2.1,
48004,CPC,Greg McLean **,62946,2780,4.4,28824,45.8,16379,30.1,15.7,Lindsay Luhnau,31604,50.2,27624,50.8,-0.6,Greg McLean **,1665,2.6,8931,16.4,-13.8,Beau Shaw,,,,,,,362,0.6,884,1.6,-1.1,Jayden Baldonado,365,0.6,,,0.6,Robert Hawley,126,0.2,523,1.0,-0.8,
48005,LPC,Corey Hogan,68839,1273,1.8,33112,48.1,16750,28.0,20.1,Corey Hogan,31839,46.3,27320,45.6,0.7,Jeremy Nixon,2844,4.1,10621,17.7,-13.6,Keira Gunn,,,,,,,400,0.6,2216,3.7,-3.1,Richard Willott,302,0.4,2789,4.7,-4.2,Artyom Ovsepyan,342,0.5,231,0.4,0.1,
48006,CPC,Pat Kelly **,67935,14585,21.5,25386,37.4,12100,21.6,15.7,Shahnaz Munir,39971,58.8,30771,55.0,3.8,Pat Kelly **,1741,2.6,9048,16.2,-13.6,Jim Samuelson,,,,,,,346,0.5,943,1.7,-1.2,Nanette Nerland,360,0.5,2595,4.6,-4.1,Yvonne Snyder,131,0.2,493,0.9,-0.7,
48007,CPC,Jasraj Hallan **,53674,15428,28.7,17062,31.8,8409,18.4,13.3,Priti Obhrai-Martin,32490,60.5,24093,52.8,7.7,Jasraj Hallan **,2092,3.9,8268,18.1,-14.2,Jennifer Geha,,,,,,,664,1.2,969,2.1,-0.9,Carey Rutherford,908,1.7,3285,7.2,-5.5,Harry Dhillon,458,0.9,569,1.2,-0.4,
48008,CPC,Shuv Majumdar **,68493,18415,26.9,23673,34.6,9536,16.2,18.4,Scott Arnott,42088,61.4,34387,58.4,3.0,Shuv Majumdar **,1691,2.5,10143,17.2,-14.8,Becki Zimmerman,,,,,,,493,0.7,837,1.4,-0.7,Ravenmoon Crocker,,,3004,5.1,,,548,0.8,975,1.7,-0.9,
48009,CPC,Dalwinder Gill,42478,1317,3.1,19546,46.0,16354,43.9,2.1,George Chahal **,20863,49.1,12706,34.1,15.0,Dalwinder Gill,1204,2.8,6008,16.1,-13.3,Arlington Antonio Santiago,,,,,,,273,0.6,422,1.1,-0.5,Evelyn Tanaka,323,0.8,1455,3.9,-3.1,Najeeb Butt,269,0.6,290,0.8,-0.1,
48010,CPC,Stephanie Kusie **,73432,26152,35.6,21979,29.9,7371,12.5,17.5,Sunjiv Raval,48131,65.5,35629,60.2,5.3,Stephanie Kusie **,2271,3.1,11003,18.6,-15.5,Austin Mullins,,,,,,,495,0.7,797,1.3,-0.7,Adam Delgado,556,0.8,3608,6.1,-5.3,Colin Kindret,,,780,1.3,,
48011,CPC,Michelle Rempel Garner **,61592,14321,23.3,22276,36.2,10821,20.0,16.2,Tom Becker,36597,59.4,30031,55.5,3.9,Michelle Rempel Garner **,1975,3.2,9193,17.0,-13.8,Ahmed Khan,,,,,,,430,0.7,877,1.6,-0.9,Addison Fach,,,2607,4.8,,,314,0.5,609,1.1,-0.6,
48012,CPC,Tom Kmiec **,65249,25942,39.8,18421,28.2,7067,13.9,14.3,Gul Khan,44363,68.0,31064,61.2,6.8,Tom Kmiec **,1780,2.7,8127,16.0,-13.3,Tory Tomblin,,,,,,,302,0.5,859,1.7,-1.2,Robert Frasch,383,0.6,2903,5.7,-5.1,Donald Legere,,,713,1.4,,
48013,CPC,David GL McKenzie,69225,16464,23.8,25174,36.4,11354,19.3,17.0,Bryndis Whitson,41638,60.1,35185,60.0,0.2,David GL McKenzie,1656,2.4,8255,14.1,-11.7,Khalis Ahmed,,,,,,,,,986,1.7,,,492,0.7,2352,4.0,-3.3,Grant Strem,265,0.4,547,0.9,-0.5,
48014,CPC,Amanpreet S. Gill,50152,8966,17.9,18842,37.6,12032,33.4,4.2,Hafeez Malik,27808,55.4,16156,44.8,10.6,Amanpreet S. Gill,1351,2.7,5960,16.5,-13.8,Rajesh Angral,,,,,,,,,322,0.9,,,,,1341,3.7,,,2151,4.3,252,0.7,3.6,
48015,LPC,Eleanor Olszewski,54428,3512,6.5,24138,44.3,15464,31.2,13.2,Eleanor Olszewski,20626,37.9,16140,32.6,5.3,Sayid Ahmed,8440,15.5,15105,30.5,-15.0,Trisha Estabrooks,,,,,,,,,57,0.1,,,468,0.9,2409,4.9,-4.0,John Ross,756,1.4,404,0.8,0.6,
48016,CPC,Tim Uppal **,52152,6950,13.3,19435,37.3,10776,25.5,11.7,Jeremy Hoefsloot,26385,50.6,18106,42.9,7.7,Tim Uppal **,2565,4.9,10747,25.5,-20.5,Madeline Mayes,,,,,,,,,89,0.2,,,474,0.9,2380,5.6,-4.7,Paul McCormack,3293,6.3,118,0.3,6.0,
48017,CPC,Kerry Diotte,48966,5539,11.3,8973,18.3,6575,15.2,3.1,Patrick Lennox,22256,45.5,15658,36.2,9.2,Kerry Diotte,16717,34.1,17448,40.4,-6.3,Blake Desjarlais **,,,,,,,302,0.6,490,1.1,-0.5,Michael Hunter,318,0.6,2558,5.9,-5.3,Thomas Matty,400,0.8,467,1.1,-0.3,
48018,CPC,Ziad Aboultaif **,49807,8842,17.8,17603,35.3,8422,20.5,14.8,Blair-Marie Coles,26445,53.1,16854,41.1,12.0,Ziad Aboultaif **,4935,9.9,12745,31.1,-21.2,Lesley Thompson,,,,,,,,,,,,,824,1.7,2881,7.0,-5.4,Robert Bard,,,114,0.3,,
48019,CPC,Billy Morin,54626,8287,15.2,20907,38.3,10315,23.1,15.2,Lindsey Machona,29194,53.4,19199,43.0,10.5,Billy Morin,3597,6.6,12298,27.5,-20.9,Omar Abubakar,,,,,,,335,0.6,12,,0.6,Colleen Rice,593,1.1,2787,6.2,-5.2,Albert Carson,,,56,0.1,,
48020,CPC,Matt Jeneroux **,60391,3268,5.4,27075,44.8,12069,25.1,19.8,Mark Minenko,30343,50.2,21795,45.3,4.9,Matt Jeneroux **,2563,4.2,11771,24.5,-20.2,Susan Cake,,,,,,,,,567,1.2,,,410,0.7,1900,3.9,-3.3,Dwayne Dudiak,,,16,,,
48021,CPC,Jagsharan Singh Mahal,47664,6725,14.1,18481,38.8,14129,34.1,4.6,Amarjeet Sohi,25206,52.9,15565,37.6,15.3,Jagsharan Singh Mahal,2536,5.3,9233,22.3,-17.0,Harpreet Grewal,,,,,,,,,,,,,881,1.8,2336,5.6,-3.8,Martin Schuetza,560,1.2,118,0.3,0.9,
48022,NDP,Heather McPherson **,59687,8259,13.8,10709,17.9,5068,9.0,8.9,Ron Thiering,19768,33.1,15036,26.8,6.3,Miles Berry,28027,47.0,32516,57.9,-11.0,Heather McPherson **,,,,,,,366,0.6,703,1.3,-0.6,Atul Deshmukh,386,0.6,2544,4.5,-3.9,David Joel Wojtowicz,431,0.7,274,0.5,0.2,
48023,CPC,Kelly McCauley **,59015,7206,12.2,23995,40.7,12068,24.4,16.2,Brad Fournier,31201,52.9,22585,45.7,7.2,Kelly McCauley **,3164,5.4,12120,24.5,-19.2,Sean McQuillan,,,,,,,,,15,,,,534,0.9,2514,5.1,-4.2,Brent Kinzel,121,0.2,134,0.3,-0.1,
48024,CPC,John Barlow **,71888,41168,57.3,13706,19.1,4259,7.0,12.1,John Bruinsma,54874,76.3,41887,68.4,7.9,John Barlow **,1923,2.7,6990,11.4,-8.7,Kaitte Aurora,,,,,,,589,0.8,813,1.3,-0.5,Emma Hoberg,796,1.1,5032,8.2,-7.1,Paul O'Halloran,,,2234,3.6,,
48025,CPC,Laila Goodridge **,49466,32456,65.6,7193,14.5,3117,7.2,7.3,Kaitlyn Staines,39649,80.2,29333,67.7,12.5,Laila Goodridge **,1337,2.7,4392,10.1,-7.4,You-Ju Choi,,,,,,,290,0.6,425,1.0,-0.4,Brian Deheer,896,1.8,5507,12.7,-10.9,Alan Clarke,101,0.2,569,1.3,-1.1,
48026,CPC,Chris Warkentin **,58652,40958,69.8,6946,11.8,2147,4.2,7.7,Maureen Mcleod,47904,81.7,35381,69.0,12.7,Chris Warkentin **,2460,4.2,6068,11.8,-7.6,Jennifer Villebrun,,,,,,,,,,,,,828,1.4,5234,10.2,-8.8,Shawn McLean,514,0.9,2445,4.8,-3.9,
48027,CPC,Shannon Stubbs **,56593,38940,68.8,6886,12.2,2606,5.0,7.2,Barry Milaney,45826,81.0,36418,69.4,11.6,Shannon Stubbs **,2153,3.8,5514,10.5,-6.7,Des Bissonnette,,,,,,,411,0.7,463,0.9,-0.2,Bridget Burns,982,1.7,5801,11.1,-9.3,Michael Manchen,335,0.6,1672,3.2,-2.6,
48028,CPC,Mike Lake **,64161,36811,57.4,11136,17.4,3789,6.9,10.5,Ronald Brochu,47947,74.7,35161,63.6,11.1,Mike Lake **,3927,6.1,9685,17.5,-11.4,Katherine Swampy,,,,,,,,,9,,,,688,1.1,6219,11.3,-10.2,Jose Flores,463,0.7,391,0.7,0.0,
48029,CPC,Rachael Thomas **,66937,18967,28.3,21899,32.7,8928,15.1,17.6,Chris Spearman,40866,61.1,32817,55.6,5.4,Rachael Thomas **,2431,3.6,11386,19.3,-15.7,Nathan Svoboda,,,,,,,457,0.7,,,0.7,Amber Murray,478,0.7,4097,6.9,-6.2,Clara Piedalue,806,1.2,1745,3.0,-1.8,
48030,CPC,Glen Motz **,54100,31964,59.1,9554,17.7,3389,7.1,10.6,Tom Rooke,41518,76.7,31635,65.8,10.9,Glen Motz **,2588,4.8,6671,13.9,-9.1,Jocelyn Johnson,,,,,,,440,0.8,659,1.4,-0.6,Andy Shadrack,,,4479,9.3,,,,,1226,2.6,,
48031,CPC,Dane Lloyd **,71107,40778,57.3,12690,17.8,3743,6.2,11.7,Ashley Fearnall,53468,75.2,38242,63.1,12.1,Dane Lloyd **,2949,4.1,9844,16.3,-12.1,Keri Goad,,,,,,,449,0.6,,,0.6,Daniel Birrell,1066,1.5,6859,11.3,-9.8,Jason Lavigne,485,0.7,1888,3.1,-2.4,
48032,CPC,Arnold Viersen **,53369,34852,65.3,6278,11.8,2678,5.5,6.3,Luke Markowski,41130,77.1,30465,62.6,14.4,Arnold Viersen **,2913,5.5,6403,13.2,-7.7,Landen Tischer,,,,,,,,,364,0.7,,,,,6092,12.5,,,3048,5.7,2636,5.4,0.3,
48033,CPC,Blaine Calkins **,68579,48692,71.0,,,2770,4.5,,,56106,81.8,41789,68.1,13.7,Blaine Calkins **,7414,10.8,6595,10.8,0.1,Logan Hooley,,,,,,,,,,,,,1289,1.9,8230,13.4,-11.5,Larry Gratton,3770,5.5,1944,3.2,2.3,
48034,CPC,Burton Bailey,61828,30675,49.6,13564,21.9,4490,8.3,13.6,Ayaz Bangash,44239,71.6,32554,60.3,11.3,Burton Bailey,2375,3.8,9471,17.5,-13.7,Elias Assefa,,,,,,,618,1.0,,,1.0,Ashley MacDonald,813,1.3,6064,11.2,-9.9,Kyla Courte,219,0.4,1437,2.7,-2.3,
48035,CPC,Garnett Genuis **,81627,31953,39.1,22178,27.2,8730,12.2,14.9,Tanya Holm,54131,66.3,41092,57.6,8.8,Garnett Genuis **,4136,5.1,14740,20.6,-15.6,Chris Jones,,,,,,,448,0.5,700,1.0,-0.4,Randall Emmons,497,0.6,5004,7.0,-6.4,Jay Sobel,237,0.3,1132,1.6,-1.3,
48036,CPC,Michael Cooper **,76961,26239,34.1,22977,29.9,7462,11.2,18.7,Lucia Stachurski,49216,63.9,37497,56.2,7.7,Michael Cooper **,3684,4.8,15672,23.5,-18.7,Dorothy Anderson,,,,,,,,,,,,,820,1.1,5220,7.8,-6.8,Brigitte Cecelia,264,0.3,838,1.3,-0.9,
48037,CPC,William Stevenson,69290,30394,43.9,17469,25.2,6430,10.8,14.4,Michael Fark,47863,69.1,35532,59.9,9.2,William Stevenson,2753,4.0,8773,14.8,-10.8,Avni Soma,,,,,,,,,766,1.3,,,952,1.4,5439,9.2,-7.8,Vicky Bayford,253,0.4,2367,4.0,-3.6,
59001,CPC,Sukhman Gill,55972,5147,9.2,18969,33.9,12679,26.2,7.7,Kevin Gillies,24116,43.1,22027,45.5,-2.4,Sukhman Gill,2104,3.8,8834,18.2,-14.5,Dharmasena Yakandawela,,,,,,,577,1.0,1511,3.1,-2.1,Melissa Snazell,459,0.8,3396,7.0,-6.2,Aeriol Alderking,9747,17.4,,,17.4,
59002,LPC,Wade Chang,51493,1856,3.6,21745,42.2,12527,31.3,11.0,Wade Chang,19889,38.6,8858,22.1,16.5,James Yan,9353,18.2,15954,39.8,-21.6,Jagmeet Singh **,,,,,,,,,1162,2.9,,,506,1.0,1365,3.4,-2.4,Richard Farbridge,,,209,0.5,,
59003,LPC,Terry Beech **,64058,16087,25.1,37829,59.1,22757,40.9,18.1,Terry Beech **,21742,33.9,14779,26.6,7.4,Mauro Francis,4121,6.4,14699,26.4,-20.0,Michael Charrois,,,,,,,,,1895,3.4,,,366,0.6,1473,2.6,-2.1,Jesse Fulton,,,,,,
59004,CPC,Todd Doherty **,63291,18932,29.9,19243,30.4,8958,16.2,14.2,Clinton Emslie,38175,60.3,28366,51.3,9.0,Todd Doherty **,3900,6.2,11196,20.3,-14.1,Angie Bonazzo,,,,,,,1155,1.8,1924,3.5,-1.7,Jodie Capling,436,0.7,4562,8.3,-7.6,Rudy Sans,382,0.6,256,0.5,0.1,
59005,CPC,Mark Strahl **,65754,12773,19.4,23254,35.4,9555,17.2,18.1,Zeeshan Khan,36027,54.8,25434,45.9,8.9,Mark Strahl **,4779,7.3,14617,26.4,-19.1,Teri Westerby,,,,,,,1083,1.6,1556,2.8,-1.2,Salina Derish,482,0.7,4233,7.6,-6.9,Jeff Galbraith,129,0.2,,,0.2,
59006,CPC,Tamara Jansen **,53566,778,1.5,24828,46.4,18676,39.1,7.3,Kyle Latchford,25606,47.8,17250,36.1,11.7,Tamara Jansen **,2350,4.4,9543,20.0,-15.6,Vanessa Sharma,,,,,,,493,0.9,,,0.9,Kevin Daniel Wilkie,289,0.5,2299,4.8,-4.3,Jim McMurtry,,,,,,
59007,CPC,Rob Morrison **,71542,15897,22.2,20184,28.2,5597,8.9,19.3,Reggie Goldsbury,36081,50.4,27573,43.7,6.7,Rob Morrison **,12871,18.0,23067,36.6,-18.6,Kallee Lins,,,,,,,1064,1.5,2317,3.7,-2.2,Steven Maffioli,486,0.7,4476,7.1,-6.4,Laurie Baird,856,1.2,,,1.2,
59008,LPC,Ron McKinnon **,57522,2520,4.4,27250,47.4,18185,37.9,9.5,Ron McKinnon **,24730,43.0,14436,30.1,12.9,Iain Black,4253,7.4,13288,27.7,-20.3,Laura Dupont,,,,,,,504,0.9,,,0.9,Michael Peter Glenister,,,2099,4.4,,,785,1.4,,,1.4,
59009,NDP,Gord Johns **,79766,3589,4.5,18078,22.7,9310,13.6,9.0,Brian Cameron,28028,35.1,21440,31.4,3.8,Kris McNichol,31617,39.6,29348,42.9,-3.3,Gord Johns **,,,,,,,1352,1.7,4766,7.0,-5.3,Chris Markevich,427,0.5,3408,5.0,-4.4,Thomas Gamble,264,0.3,107,0.2,0.2,
59010,CPC,Jeff Kibble,76174,3544,4.7,21478,28.2,10320,16.4,11.8,Blair Herbert,28370,37.2,17870,28.4,8.9,Jeff Kibble,24826,32.6,26968,42.8,-10.2,Alistair MacGregor **,,,,,,,1500,2.0,3922,6.2,-4.3,Kathleen Code,,,3952,6.3,,,,,,,,
59011,LPC,Jill McKnight,63293,5488,8.7,32802,51.8,23719,42.6,9.2,Jill McKnight,27314,43.2,18605,33.4,9.7,Jessy Sahota,2787,4.4,10274,18.5,-14.1,Jason McCormick,,,,,,,,,1244,2.2,,,390,0.6,1374,2.5,-1.9,Natasa Sirotic,,,436,0.8,,
59012,LPC,Stephanie McLean,73335,15099,20.6,36181,49.3,13282,21.9,27.5,Stephanie McLean,21082,28.7,12691,20.9,7.9,Grant Cool,13666,18.6,26341,43.3,-24.7,Maja Tait,,,,,,,1959,2.7,5401,8.9,-6.2,Ben Homer-Dixon,,,2820,4.6,,,447,0.6,229,0.4,0.2,
59013,LPC,Gurbux Saini,48533,1811,3.7,23250,47.9,19644,46.0,1.9,Gurbux Saini,21439,44.2,12168,28.5,15.7,Sukh Pandher,2885,5.9,8686,20.3,-14.4,Shannon Permal,,,,,,,460,0.9,820,1.9,-1.0,Murali Krishnan,499,1.0,1254,2.9,-1.9,John Hetherington,,,169,0.4,,
59014,CPC,Mel Arnold **,68056,9027,13.3,26529,39.0,9969,16.6,22.4,Ken Robertson,35556,52.2,27094,45.0,7.2,Mel Arnold **,3730,5.5,15105,25.1,-19.6,Phaedra Idzan,,,,,,,1639,2.4,3088,5.1,-2.7,Owen Madden,602,0.9,4850,8.1,-7.2,John Michael Henry,,,58,0.1,,
59015,CPC,Frank Caputo **,62102,7047,11.3,24961,40.2,9982,17.7,22.5,Iain Currie,32008,51.5,24568,43.5,8.1,Frank Caputo **,3681,5.9,16184,28.6,-22.7,Miguel Godau,,,,,,,936,1.5,2106,3.7,-2.2,Jenna Lindley,516,0.8,3371,6.0,-5.1,Chris Enns,,,293,0.5,,
59016,LPC,Stephen Fuhr,58841,1082,1.8,28702,48.8,13383,26.3,22.4,Stephen Fuhr,27620,46.9,21345,42.0,4.9,Tracy Gray **,1941,3.3,10855,21.4,-18.1,Trevor McAleese,,,,,,,578,1.0,1530,3.0,-2.0,Catriona Wright,,,3694,7.3,,,,,,,,
59017,CPC,Tako Van Popta **,65360,5540,8.5,28034,42.9,15335,29.5,13.4,John Aldag **,33574,51.4,22858,44.0,7.4,Tako Van Popta **,2611,4.0,10157,19.5,-15.5,Holly Isaac,,,,,,,491,0.8,1262,2.4,-1.7,Debora Soutar,303,0.5,2336,4.5,-4.0,Sepehr Haghighat,347,0.5,24,,0.5,
59018,CPC,Brad Vis **,59599,11953,20.1,21838,36.6,12472,24.1,12.6,Jeff Howe,33791,56.7,24549,47.4,9.3,Brad Vis **,2745,4.6,9292,17.9,-13.3,Jules Côté,,,,,,,723,1.2,1907,3.7,-2.5,John Kidder,502,0.8,3603,7.0,-6.1,Kevin Sinclair,,,,,,
59019,CPC,Tamara Kronis,74397,5725,7.7,20656,27.8,8205,13.1,14.6,Michelle Corfield,26381,35.5,16554,26.5,8.9,Tamara Kronis,13586,18.3,18385,29.5,-11.2,Lisa Marie Barron **,,,,,,,13485,18.1,16153,25.9,-7.8,Paul Manly,289,0.4,3128,5.0,-4.6,Stephen Welton,,,,,,
59020,LPC,Jake Sawatzky,55703,1973,3.5,19547,35.1,10972,23.3,11.8,Jake Sawatzky,17507,31.4,9917,21.0,10.4,Indy Panchi,17574,31.5,22660,48.1,-16.5,Peter Julian **,,,,,,,690,1.2,1799,3.8,-2.6,Tara Shushtarian,,,1774,3.8,,,385,0.7,12,,0.7,
59021,CPC,Aaron Gunn,80929,4999,6.2,21218,26.2,8997,13.3,12.9,Jennifer Lash,31356,38.7,24484,36.3,2.5,Aaron Gunn,26357,32.6,26538,39.3,-6.8,Tanille Johnston,,,,,,,1505,1.9,3968,5.9,-4.0,Jessica Wegg,341,0.4,3084,4.6,-4.1,Paul Macknight,152,0.2,402,0.6,-0.4,
59022,LPC,Jonathan Wilkinson **,63364,16568,26.1,37907,59.8,24687,44.8,15.0,Jonathan Wilkinson **,21339,33.7,16334,29.6,4.0,Stephen Curran,2684,4.2,10330,18.8,-14.5,Tammy Bentz,,,,,,,1076,1.7,2317,4.2,-2.5,Andrew Robinson,256,0.4,1404,2.5,-2.1,Ehsan Arjmand,102,0.2,19,,0.1,
59023,CPC,Dan Albas **,65234,4392,6.7,28827,44.2,12902,23.3,20.9,Juliette Sicotte,33219,50.9,26820,48.5,2.5,Dan Albas **,2189,3.4,10372,18.7,-15.4,Harpreet Badohal,,,,,,,602,0.9,1523,2.8,-1.8,Louise Lecouffe,307,0.5,3725,6.7,-6.3,Debbie Robinson,90,0.1,,,0.1,
59024,CPC,Marc Dalton **,67333,1196,1.8,30728,45.6,13797,24.6,21.0,Angie Rowell,31924,47.4,20856,37.2,10.2,Marc Dalton **,4141,6.2,17541,31.3,-25.1,Daniel Heydenrych,,,,,,,,,173,0.3,,,368,0.5,3099,5.5,-5.0,Chris Lehner,172,0.3,614,1.1,-0.8,
59025,LPC,Zoe Royer,62196,1948,3.1,27074,43.5,15741,29.5,14.0,Zoe Royer,25126,40.4,17067,32.0,8.4,Paul Lambert,9360,15.0,18671,35.0,-19.9,Bonita Zarrillo **,,,,,,,519,0.8,,,0.8,Nash Milani,,,1760,3.3,,,117,0.2,110,0.2,0.0,
59026,CPC,Bob Zimmer **,58992,30411,51.6,11545,19.6,4817,9.3,10.3,Peter Njenga,41956,71.1,30822,59.3,11.8,Bob Zimmer **,3542,6.0,7487,14.4,-8.4,Cory Grizz Longley,,,,,,,1259,2.1,1814,3.5,-1.4,Mary Forbes,690,1.2,5410,10.4,-9.2,David Watson,,,1638,3.2,,
59027,CPC,Chak Au,47486,2300,4.8,21232,44.7,14431,38.6,6.1,Wilson Miao **,23532,49.6,13277,35.5,14.0,Chak Au,2109,4.4,7545,20.2,-15.8,Martin Li,,,,,,,420,0.9,1164,3.1,-2.2,Michael Sisler,193,0.4,931,2.5,-2.1,David Wang,,,,,,
59028,LPC,Parm Bains **,53055,1100,2.1,25705,48.4,18668,41.9,6.6,Parm Bains **,24605,46.4,15165,34.0,12.4,Zach Segal,2251,4.2,8661,19.4,-15.2,Keefer Pelech,,,,,,,494,0.9,1046,2.3,-1.4,Steven Ji,,,1052,2.4,,,,,,,,
59029,GPC,Elizabeth May **,79786,5790,7.3,25409,31.8,13240,18.8,13.0,David Beckham,20015,25.1,15969,22.7,2.4,Cathie Ounsted,3163,4.0,13674,19.5,-15.5,Colin Plant,,,,,,,31199,39.1,25138,35.8,3.3,Elizabeth May **,,,2118,3.0,,,,,154,0.2,,
59030,CPC,Helena Konanz,68216,4623,6.8,25431,37.3,8019,13.3,24.0,Gloria Morgan,30054,44.1,22706,37.7,6.4,Helena Konanz,11033,16.2,23364,38.8,-22.6,Linda Sankey,,,,,,,1044,1.5,2007,3.3,-1.8,Philip Mansfield,654,1.0,4132,6.9,-5.9,Barry Dewar,,,,,,
59031,CPC,Ellis Ross,44932,3525,7.8,4923,11.0,2866,7.7,3.3,Inderpal Dhillon,21202,47.2,13513,36.1,11.0,Ellis Ross,17677,39.3,15921,42.6,-3.2,Taylor Bachrach **,,,,,,,528,1.2,1406,3.8,-2.6,Adeana Young,,,2888,7.7,,,602,1.3,792,2.1,-0.8,
59032,LPC,Ernie Klassen,65527,3170,4.8,33094,50.5,21910,38.9,11.6,Ernie Klassen,29924,45.7,23908,42.4,3.2,Kerry-Lynne Findlay **,1634,2.5,8336,14.8,-12.3,Jureun Park,,,,,,,875,1.3,,,1.3,Christine Kinnie,,,2174,3.9,,,,,,,,
59033,LPC,Randeep Sarai **,41454,1980,4.8,19900,48.0,15745,44.7,3.3,Randeep Sarai **,17920,43.2,7226,20.5,22.7,Rajvir Dhillon,2811,6.8,9724,27.6,-20.9,Dominic Denofrio,,,,,,,395,1.0,779,2.2,-1.3,Krishan Khurana,246,0.6,1339,3.8,-3.2,Beverly Tanchak,182,0.4,375,1.1,-0.6,
59034,LPC,Sukh Dhaliwal **,40975,2240,5.5,20263,49.5,19005,54.4,-5.0,Sukh Dhaliwal **,18023,44.0,5317,15.2,28.8,Harjit Singh Gill,2467,6.0,9127,26.1,-20.1,Raj Singh Toor,,,,,,,,,,,,,,,909,2.6,,,222,0.5,571,1.6,-1.1,
59035,LPC,Hedy Fry **,54061,13487,24.9,29855,55.2,18580,40.7,14.5,Hedy Fry **,16368,30.3,10018,21.9,8.3,Elaine Allan,6807,12.6,13831,30.3,-17.7,Avi Lewis,,,,,,,757,1.4,1734,3.8,-2.4,Scott MacDonald,211,0.4,1499,3.3,-2.9,Christopher Varga,63,0.1,,,0.1,
59036,NDP,Jenny Kwan **,57151,4658,8.2,20287,35.5,9797,19.8,15.7,Mark Wiens,10162,17.8,5399,10.9,6.9,Lita Cabal,24945,43.6,27969,56.4,-12.8,Jenny Kwan **,,,,,,,1099,1.9,3826,7.7,-5.8,Nikida Steel,329,0.6,1382,2.8,-2.2,Meghan Emily Murphy,329,0.6,1218,2.5,-1.9,
59037,LPC,Gregor Robertson,51845,8617,16.6,27117,52.3,18466,42.3,10.0,Gregor Robertson,18500,35.7,9536,21.8,13.8,Avi Nayyar,5088,9.8,13600,31.2,-21.3,Manoj Bhangu,,,,,,,658,1.3,446,1.0,0.2,Alexander Dow,482,0.9,1302,3.0,-2.1,Desiderio Magtanggol 'Bonn' Reyes,,,306,0.7,,
59038,LPC,Taleeb Noormohamed **,59577,19877,33.4,37010,62.1,19784,37.2,25.0,Taleeb Noormohamed **,17133,28.8,13053,24.5,4.2,Marie Rogers,4489,7.5,17612,33.1,-25.6,Sukhi Singh Sahota,,,,,,,945,1.6,1463,2.7,-1.2,Jerry Kroll,,,1261,2.4,,,,,52,0.1,,
59039,NDP,Don Davies **,50446,303,0.6,18485,36.6,12599,29.0,7.6,Amy K. Gill,12352,24.5,6118,14.1,10.4,Ravinder Bhatia,18788,37.2,21926,50.5,-13.2,Don Davies **,,,,,,,499,1.0,1575,3.6,-2.6,Imtiaz Popat,322,0.6,959,2.2,-1.6,Fiona Wang,,,259,0.6,,
59040,LPC,Wade Grant,55997,18376,32.8,35384,63.2,21442,43.4,19.8,Wade Grant,17008,30.4,14469,29.3,1.1,Ken Charko,2391,4.3,9544,19.3,-15.0,Alim Fakirani,,,,,,,1032,1.8,2947,6.0,-4.1,Tom Digby,182,0.3,1005,2.0,-1.7,John Odan Ede,,,,,,
59041,CPC,Scott Anderson,67141,5081,7.6,28769,42.8,11131,19.6,23.2,Anna Warwick Sears,33850,50.4,24757,43.7,6.7,Scott Anderson,3417,5.1,12387,21.9,-16.8,Leah Ellen Main,,,,,,,1105,1.6,2946,5.2,-3.6,Blair Visscher,,,5460,9.6,,,,,,,,
59042,LPC,Will Greaves,75768,22251,29.4,41128,54.3,18194,27.3,27.0,Will Greaves,12870,17.0,9152,13.7,3.3,Angus Ross,18877,24.9,29301,43.9,-19.0,Laurel Collins **,,,,,,,2350,3.1,7472,11.2,-8.1,Michael Doherty,278,0.4,2065,3.1,-2.7,David Mohr,265,0.3,564,0.8,-0.5,
59043,LPC,Patrick Weiler **,64247,17203,26.8,38384,59.7,18246,32.8,26.9,Patrick Weiler **,21181,33.0,16045,28.9,4.1,Keith Roy,2070,3.2,15142,27.3,-24.0,Jäger Rosenberg,,,,,,,2205,3.4,3813,6.9,-3.4,Lauren Greenlaw,308,0.5,2097,3.8,-3.3,Peyman Askari,99,0.2,206,0.4,-0.2,
60001,LPC,Brendan Hanley **,22636,3290,14.5,12009,53.1,6471,33.3,19.7,Brendan Hanley **,8719,38.5,5096,26.3,12.3,Ryan Leef,1434,6.3,4354,22.4,-16.1,Katherine McCallum,,,,,,,474,2.1,846,4.4,-2.3,Gabrielle Dupont,,,,,,,,,2639,13.6,,
61001,LPC,Rebecca Alty,16549,3342,20.2,8855,53.5,5387,38.2,15.3,Rebecca Alty,5513,33.3,2031,14.4,18.9,Kimberly Fairman,2011,12.2,4558,32.3,-20.2,Kelvin Kotchilea,,,,,,,170,1.0,328,2.3,-1.3,Rainbow Eyes,,,,,,,,,1791,12.7,,
62001,NDP,Lori Idlout **,7657,41,0.5,2812,36.7,2578,35.9,0.9,Kilikvak Kabloona,1992,26.0,1184,16.5,9.5,James T. Arreak,2853,37.3,3427,47.7,-10.4,Lori Idlout **,,,,,,,,,,,,,,,,,,,,,,,,
